time_years,pH,gems_code,rate_Qtz_mol_s,Ca/Si in CSH
1.0,13.227814261870465,2,2.522247426816521e-10,1.5956643143733449
2.0,13.226536777924524,2,2.518987219998868e-10,1.5957683751725311
3.0,13.225264929123746,2,2.5157429958249823e-10,1.595871643173448
4.0,13.2239986678458,2,2.512514600323144e-10,1.5959741276353068
5.0,13.222737952159044,2,2.5093018877894974e-10,1.5960758402912019
6.0,13.221482730760227,2,2.5061047243101486e-10,1.5961767878326447
7.0,13.220232959509127,2,2.5029229586086755e-10,1.5962769800324454
8.0,13.218988593216492,2,2.4997564540315246e-10,1.596376425721635
9.0,13.2177495872538,2,2.496605072643711e-10,1.5964751335879046
10.0,13.216515897629439,2,2.493468678328656e-10,1.5965731122309554
11.0,13.215287480687726,2,2.4903471369173686e-10,1.5966703699868139
12.0,13.21406429350943,2,2.487240315602601e-10,1.5967669151764672
13.0,13.212846293649891,2,2.4841480836938387e-10,1.596862755960697
14.0,13.211633439178106,2,2.4810703120996236e-10,1.5969579003681782
15.0,13.210425685731872,2,2.47800687339007e-10,1.5970523550727755
16.0,13.209222999533733,2,2.4749576358086994e-10,1.5971461304616537
17.0,13.208025333446134,2,2.471922489893364e-10,1.5972392324545368
18.0,13.206832651957773,2,2.468901298822745e-10,1.5973316694096105
19.0,13.205644915476386,2,2.465893951091509e-10,1.5974234491907187
20.0,13.20446208100485,2,2.462900326906711e-10,1.5975145771856352
21.0,13.203284109157694,2,2.459920300046195e-10,1.5976050601708407
22.0,13.20211097115246,2,2.4569537523743497e-10,1.5976949096321305
23.0,13.200942617159098,2,2.4540005874869355e-10,1.5977841267400075
24.0,13.19977902026918,2,2.4510606673540506e-10,1.5978727229800858
25.0,13.198620138733247,2,2.4481339005597837e-10,1.5979607034201617
26.0,13.197465935602679,2,2.445220165819349e-10,1.5980480742670082
27.0,13.196316381027852,2,2.4423193525576324e-10,1.5981348445780792
28.0,13.195171429409681,2,2.439431365069564e-10,1.5982210161218255
29.0,13.19403105632137,2,2.436556076273384e-10,1.5983066004992703
30.0,13.192895219653517,2,2.433693402014829e-10,1.5983916003650573
31.0,13.19176388764548,2,2.430843223187837e-10,1.5984760231457538
32.0,13.190637026440667,2,2.4280054419293924e-10,1.598559874960305
33.0,13.189514602565378,2,2.4251799566272436e-10,1.5986431618415846
34.0,13.188396580343104,2,2.422366666886531e-10,1.598725888506822
35.0,13.187282932842546,2,2.4195654683890556e-10,1.5988080633670805
36.0,13.18617362320433,2,2.416776274888922e-10,1.5988896905150893
37.0,13.185068621393398,2,2.4139989800251716e-10,1.5989707762852663
38.0,13.183967895118892,2,2.411233492349767e-10,1.5990513260139805
39.0,13.182871416362971,2,2.4084797159416606e-10,1.599131346738819
40.0,13.181779144388027,2,2.4057375637230924e-10,1.5992108394103932
41.0,13.180691061154684,2,2.403006924201606e-10,1.599289815351555
42.0,13.179607124898158,2,2.4002877302866753e-10,1.5993682740783322
43.0,13.178527313907376,2,2.397579870272425e-10,1.599446225097882
44.0,13.177451595853832,2,2.3948832700580075e-10,1.5995236721522252
45.0,13.17637994143907,2,2.3921978364989607e-10,1.599600620325744
46.0,13.175312324497819,2,2.389523482429336e-10,1.599677075937827
47.0,13.17424871099062,2,2.38686012681345e-10,1.599753041386066
48.0,13.173189074970988,2,2.384207674711122e-10,1.5998285227319657
49.0,13.172133388365804,2,2.38156604625539e-10,1.5999035247904132
50.0,13.171081623923236,2,2.3789351581479595e-10,1.5999780524844271
51.0,13.170033751223583,2,2.3763149290764936e-10,1.6000521092912452
52.0,13.168989749456525,2,2.3737052722624303e-10,1.600125702363586
53.0,13.167949589116736,2,2.3711061189863185e-10,1.6001988354364396
54.0,13.166913240692665,2,2.3685173841235633e-10,1.600271511553817
55.0,13.165880676825614,2,2.36593898453412e-10,1.6003437349602478
56.0,13.164851877997146,2,2.363370840254448e-10,1.6004155124143722
57.0,13.16382681372032,2,2.3608128861489e-10,1.6004868465421744
58.0,13.162805460262698,2,2.3582650375376534e-10,1.6005577422134625
59.0,13.161787794703164,2,2.355727222401493e-10,1.6006282043743791
60.0,13.160773783363666,2,2.353199370425367e-10,1.6006982343775193
61.0,13.159763410228067,2,2.350681392400834e-10,1.6007678391360483
62.0,13.158756647926792,2,2.34817323108975e-10,1.6008370217623689
63.0,13.157753472879579,2,2.345674809255978e-10,1.6009057864271246
64.0,13.156753859223983,2,2.343186056795766e-10,1.6009741365680568
65.0,13.155757785715654,2,2.340706899780974e-10,1.601042076736355
66.0,13.154765226411385,2,2.3382372729918685e-10,1.601109610154985
67.0,13.153776159889427,2,2.335777102977125e-10,1.601176741081925
68.0,13.152790562516284,2,2.3333263247992614e-10,1.6012434731123313
69.0,13.151808414530015,2,2.3308848698099675e-10,1.6013098106147825
70.0,13.1508296844755,2,2.3284526765514014e-10,1.601375755273276
71.0,13.149854358695592,2,2.3260296632115975e-10,1.6014413126392817
72.0,13.148882414799727,2,2.323615779632549e-10,1.6015064860489114
73.0,13.147913825774657,2,2.3212109609064099e-10,1.6015712781847107
74.0,13.146948572481959,2,2.318815133395911e-10,1.6016356929540498
75.0,13.145986631439317,2,2.3164282384721945e-10,1.6016997335331378
76.0,13.145027984682947,2,2.3140502095726086e-10,1.6017634037232265
77.0,13.144072610567186,2,2.3116809909820186e-10,1.60182670683018
78.0,13.14312048809869,2,2.3093205199416765e-10,1.6018896461233776
79.0,13.142171595440546,2,2.3069687353778934e-10,1.6019522247100064
80.0,13.141225912717594,2,2.3046255749667597e-10,1.6020144458987202
81.0,13.140283419065142,2,2.3022909801605348e-10,1.6020763128107307
82.0,13.139344096253337,2,2.2999648908875965e-10,1.6021378287969326
83.0,13.138407924671032,2,2.2976472520247843e-10,1.6021989969097488
84.0,13.137474881078608,2,2.2953380064437525e-10,1.6022598199962845
85.0,13.136544947984943,2,2.2930370901704407e-10,1.6023203012402087
86.0,13.135618103920567,2,2.2907444503527384e-10,1.6023804435475344
87.0,13.134694336375942,2,2.2884600268588707e-10,1.602440250185882
88.0,13.133773619714107,2,2.2861837765973604e-10,1.6024997237776677
89.0,13.1328559374772,2,2.2839156320462342e-10,1.6025588673248776
90.0,13.131941268489069,2,2.2816555431381878e-10,1.6026176836386599
91.0,13.131029599445768,2,2.279403451175019e-10,1.602676175652433
92.0,13.130120908918247,2,2.277159312306183e-10,1.60273434609595
93.0,13.129215181984375,2,2.27492306794468e-10,1.6027921977382344
94.0,13.128312395539323,2,2.2726946714698233e-10,1.6028497332883027
95.0,13.127412534510214,2,2.2704740615165994e-10,1.602906955459887
96.0,13.12651557918949,2,2.2682611917682864e-10,1.6029638669578292
97.0,13.125621515696364,2,2.2660560074545646e-10,1.6030204703546491
98.0,13.124730325397865,2,2.2638584649647233e-10,1.6030767682745386
99.0,13.123841990884737,2,2.2616685118242722e-10,1.603132763295757
100.0,13.122956497294277,2,2.2594860981829568e-10,1.6031884578779192
101.0,13.122073821448243,2,2.257311178731872e-10,1.6032438547971326
102.0,13.121193955897493,2,2.255143694222094e-10,1.603298956160596
103.0,13.120316876260105,2,2.2529836124980254e-10,1.6033537647358183
104.0,13.119442569101363,2,2.2508308723745873e-10,1.6034082828484673
105.0,13.118571018141099,2,2.2486854319363777e-10,1.6034625129098972
106.0,13.117702207390563,2,2.246547244466605e-10,1.6035164572931124
107.0,13.116836120707712,2,2.2444162639482946e-10,1.6035701183448028
108.0,13.115972742386822,2,2.2422924442495134e-10,1.603623498401421
109.0,13.115112056678578,2,2.240175740217249e-10,1.6036765997550353
110.0,13.114254048093652,2,2.2380661067825488e-10,1.6037294246869267
111.0,13.113398698263962,2,2.235963499524125e-10,1.603781975721694
112.0,13.112546001363599,2,2.2338678692875264e-10,1.6038342541833304
113.0,13.111695929076388,2,2.2317791885001387e-10,1.6038862634992928
114.0,13.110848480230615,2,2.2296973909978062e-10,1.603938004622599
115.0,13.110003629451878,2,2.2276224585164322e-10,1.6039894806092294
116.0,13.109161361995739,2,2.2255543296321326e-10,1.6040406937039327
117.0,13.108321673633865,2,2.223492962557853e-10,1.6040916447468712
118.0,13.107484539510931,2,2.2214383332836276e-10,1.6041423370859433
119.0,13.106649944958729,2,2.2193903827857066e-10,1.604192772794754
120.0,13.105817884095007,2,2.2173490692507875e-10,1.6042429530139983
121.0,13.104988337597804,2,2.2153143672409802e-10,1.6042928802161611
122.0,13.104161291562656,2,2.2132862267849357e-10,1.604342556478767
123.0,13.103336733123998,2,2.211264608485287e-10,1.6043919835934484
124.0,13.102514649868374,2,2.209249474483082e-10,1.6044411633057545
125.0,13.101695023882213,2,2.207240788209585e-10,1.604490098196931
126.0,13.100877844954564,2,2.2052385027400623e-10,1.6045387897207994
127.0,13.100063095775196,2,2.2032425862928164e-10,1.604587240387644
128.0,13.099250768319191,2,2.2012529935701048e-10,1.60463545112344
129.0,13.098440847019749,2,2.199269695855254e-10,1.6046834242088754
130.0,13.09763331883542,2,2.197292651672789e-10,1.6047311614726147
131.0,13.09682817082443,2,2.1953218239640656e-10,1.6047786646985873
132.0,13.096025389452137,2,2.193357175967749e-10,1.604825935831316
133.0,13.095224963698863,2,2.191398670097782e-10,1.6048729762631475
134.0,13.094426880921407,2,2.1894462731236399e-10,1.604919787745656
135.0,13.09363112611917,2,2.18749994921637e-10,1.6049663725313832
136.0,13.092837687039744,2,2.185559658781698e-10,1.6050127323130818
137.0,13.092046551102534,2,2.1836253669568823e-10,1.6050588688070668
138.0,13.09125770954995,2,2.1816970380012826e-10,1.6051047829603502
139.0,13.09047114743364,2,2.1797746436451318e-10,1.6051504770375573
140.0,13.089686853214562,2,2.177858144711839e-10,1.6051959524900905
141.0,13.088904815468776,2,2.175947507986905e-10,1.6052412099411162
142.0,13.088125019625407,2,2.1740427005242184e-10,1.6052862516534554
143.0,13.08734745529596,2,2.1721436845582466e-10,1.6053310750679641
144.0,13.0865721059833,2,2.1702504289295235e-10,1.6053756726151276
145.0,13.085798978290066,2,2.1683628924788248e-10,1.6054200900611384
146.0,13.085028030898036,2,2.1664810744492233e-10,1.605464260186248
147.0,13.084259284781584,2,2.1646048902353467e-10,1.605508259793927
148.0,13.083492693181615,2,2.1627343640932271e-10,1.605552007776114
149.0,13.082728317262543,2,2.160869402996194e-10,1.6055956601642187
150.0,13.081966002232987,2,2.1590100995683668e-10,1.605638925202238
151.0,13.081205894628955,2,2.157156176862645e-10,1.6056821224106286
152.0,13.080447816617356,2,2.1553078729201737e-10,1.6057249306641648
153.0,13.079692089147173,2,2.1534648738613024e-10,1.6057679677873697
154.0,13.078938330620806,2,2.1516277088468137e-10,1.6058105465505108
155.0,13.077187842822482,2,2.1497957232215066e-10,1.604146092840499
156.0,13.073864186909404,2,2.146300742811798e-10,1.599805538533852
157.0,13.070548205632752,2,2.1401911797123924e-10,1.5954960584928153
158.0,13.067239485755051,2,2.1341129175303487e-10,1.5912173784857755
159.0,13.063937799018047,2,2.1280650988791535e-10,1.5869692276857108
160.0,13.060642952384006,2,2.1220471826143025e-10,1.5827513318740525
161.0,13.05735462198648,2,2.1160586911239466e-10,1.5785634349932807
162.0,13.05407260067836,2,2.1100989333031551e-10,1.5744052745456512
163.0,13.050796656340301,2,2.1041674191400395e-10,1.5702765960829037
164.0,13.047526570711465,2,2.0982636213523353e-10,1.5661771473984156
165.0,13.044262128770637,2,2.0923870407945997e-10,1.5621066809779085
166.0,13.04100312946818,2,2.0865371880546835e-10,1.5580649506608042
167.0,13.037749377011888,2,2.0807136013698441e-10,1.5540517144282373
168.0,13.034500677183159,2,2.0749158323539887e-10,1.5500667346664334
169.0,13.03125684762706,2,2.0691434376268603e-10,1.5461097753658881
170.0,13.028017721002419,2,2.0633959987840816e-10,1.5421806007522407
171.0,13.024783122594641,2,2.057673125474111e-10,1.538278981698092
172.0,13.021552895902694,2,2.0519744173570347e-10,1.5344046883189848
173.0,13.018326885469888,2,2.0462995087690712e-10,1.5305574947359921
174.0,13.015104945324,2,2.0406480389068537e-10,1.5267371764014612
175.0,13.011886934309953,2,2.035019664157816e-10,1.5229435111659535
176.0,13.00867271906635,2,2.0294140525858726e-10,1.519176278655677
177.0,13.005462172671164,2,2.023830886762804e-10,1.5154352606051256
178.0,13.002255173887251,2,2.0182698634110676e-10,1.511720240515171
179.0,12.999051607721421,2,2.012730689452154e-10,1.5080310036679039
180.0,12.995851366780705,2,2.0072130838768884e-10,1.504367337130887
181.0,12.992654349553886,2,2.0017167819620354e-10,1.500729029634739
182.0,12.989460459872896,2,1.9962415298226475e-10,1.497115871510478
183.0,12.98626960796171,2,1.9907870825678538e-10,1.4935276546961436
184.0,12.98308171123732,2,1.9853532075209488e-10,1.4899641727257054
185.0,12.979896692372536,2,1.9799396866112888e-10,1.4864252206241806
186.0,12.976714481463942,2,1.974546310237837e-10,1.4829105949559127
187.0,12.973535012240093,2,1.969172883921134e-10,1.4794200936626285
188.0,12.970358226756748,2,1.9638192162071627e-10,1.4759535162153596
189.0,12.96718407266337,2,1.9584851334497628e-10,1.4725106634837817
190.0,12.964012502810197,2,1.9531704709803286e-10,1.4690913377120849
191.0,12.960843477345495,2,1.9478750717922062e-10,1.465695342571922
192.0,12.957676962028742,2,1.9425987930472974e-10,1.462322483084867
193.0,12.95451292864278,2,1.937341500590388e-10,1.45897256562721
194.0,12.951351354410422,2,1.9321030701826423e-10,1.4556453978991168
195.0,12.948192223082323,2,1.9268833855144719e-10,1.452340788949653
196.0,12.945035525099943,2,1.9216823415447398e-10,1.449058549164816
197.0,12.941881255906445,2,1.9164998449203512e-10,1.4457984902104013
198.0,12.93872941718776,2,1.9113358085033954e-10,1.442560425063697
199.0,12.93558001704434,2,1.9061901552696365e-10,1.4393441680057977
200.0,12.932433068992932,2,1.9010628187052673e-10,1.4361495345901067
201.0,12.929288592413474,2,1.8959537396164878e-10,1.4329763416470565
202.0,12.926146613544136,2,1.8908628674697845e-10,1.4298244073077027
203.0,12.92300716252537,2,1.8857901633335517e-10,1.4266935509122203
204.0,12.919870276924101,2,1.8807355909694153e-10,1.4235835931247185
205.0,12.916735998842867,2,1.8756991269540783e-10,1.4204943556892704
206.0,12.913604380008863,2,1.870680756177792e-10,1.4174256622549741
207.0,12.910475465422056,2,1.8656804687417854e-10,1.4143773360518568
208.0,12.90734932925204,2,1.8606982603211544e-10,1.411349204449735
209.0,12.904226022930855,2,1.8557341440498792e-10,1.408341092787455
210.0,12.901105616874382,2,1.850788125814567e-10,1.4053528292556068
211.0,12.897988199043793,2,1.8458602264095253e-10,1.4023842443770642
212.0,12.894873836814929,2,1.840950479313832e-10,1.399435167274699
213.0,12.891762621153438,2,1.8360589135473469e-10,1.3965054304095745
214.0,12.888654642608415,2,1.8311855675131823e-10,1.3935948665825562
215.0,12.885549996779043,2,1.8263304909169743e-10,1.3907033100446553
216.0,12.882448781947348,2,1.821493733074979e-10,1.3878305960155322
217.0,12.879351105175402,2,1.816675350460737e-10,1.3849765612623326
218.0,12.876257065817478,2,1.8118754062777937e-10,1.3821410428812657
219.0,12.873166784446184,2,1.807093961796529e-10,1.3793238803721009
220.0,12.870080375294327,2,1.8023310940635148e-10,1.3765249137103925
221.0,12.86699795762733,2,1.7975868748302703e-10,1.3737439841209222
222.0,12.863919654982398,2,1.7928613842131187e-10,1.370980934071808
223.0,12.860845593187957,2,1.7881547035313878e-10,1.3682356071406432
224.0,12.857775904322589,2,1.7834669187669295e-10,1.365507848225409
225.0,12.854710716878946,2,1.7787981169666926e-10,1.3627975030942998
226.0,12.85165016854194,2,1.7741483915652195e-10,1.360104418958666
227.0,12.848594395916926,2,1.7695178320376506e-10,1.3574284440443471
228.0,12.845543538066265,2,1.764906533111931e-10,1.3547694277423588
229.0,12.842497736448504,2,1.7603145924213736e-10,1.3521272206097508
230.0,12.839457134108251,2,1.7557421043913308e-10,1.3495016743330834
231.0,12.836421873810739,2,1.751189165640822e-10,1.3468926417400087
232.0,12.833392101848759,2,1.7466558765165464e-10,1.3442999767930397
233.0,12.830367963321876,2,1.7421423325935715e-10,1.341723534595435
234.0,12.827349604871573,2,1.7376486303571412e-10,1.339163171372463
235.0,12.824337172648768,2,1.7331748664558935e-10,1.336618744482703
236.0,12.82133081308989,2,1.7287211349090116e-10,1.3340901124093518
237.0,12.818330672219725,2,1.7242875289678176e-10,1.3315771347561278
238.0,12.815336895287253,2,1.7198741397064006e-10,1.3290796722567058
239.0,12.812349626789942,2,1.7154810560202963e-10,1.326597586756217
240.0,12.809369010023063,2,1.7111083641174958e-10,1.3241307412206589
241.0,12.806395186844432,2,1.7067561474508375e-10,1.3216789997315728
242.0,12.803428297144343,2,1.7024244861909942e-10,1.3192422274862086
243.0,12.800468479623504,2,1.69811345629668e-10,1.3168202907922337
244.0,12.79751586979976,2,1.6938231320144353e-10,1.314413057072367
245.0,12.794570601409324,2,1.6895535808866404e-10,1.312020394858258
246.0,12.791632804816132,2,1.6853048679101702e-10,1.3096421737918333
247.0,12.788702608095413,2,1.6810770515814524e-10,1.3072782646251806
248.0,12.785780136392306,2,1.6768701873955506e-10,1.3049285392127439
249.0,12.782865510798489,2,1.672684326296736e-10,1.3025928705200849
250.0,12.77995884910086,2,1.6685195121140034e-10,1.3002711326172531
251.0,12.777060265223689,2,1.6643757838784853e-10,1.2979632006805877
252.0,12.774169869494667,2,1.6602531747219957e-10,1.2956689509879384
253.0,12.7712877678857,2,1.6561517128569728e-10,1.2933882609225409
254.0,12.768414062233646,2,1.6520714198993095e-10,1.2911210089686302
255.0,12.765548850069122,2,1.6480123117517448e-10,1.2888670747106
256.0,12.762692224188484,2,1.6439743983783635e-10,1.2866263388352297
257.0,12.759844272576494,2,1.6399576830097798e-10,1.2843986831289753
258.0,12.75700507879079,2,1.635962162222059e-10,1.2821839904761647
259.0,12.754174721852493,2,1.6319878270347125e-10,1.279982144854031
260.0,12.751353274988928,2,1.628034662881967e-10,1.2777930313401602
261.0,12.748540806899141,2,1.6241026467025564e-10,1.2756165361073402
262.0,12.745737381624402,2,1.620191750185766e-10,1.273452546412129
263.0,12.742943057223314,2,1.6163019396398382e-10,1.2713009506149657
264.0,12.740157886283141,2,1.6124331729158993e-10,1.2691616381634518
265.0,12.737381918679073,2,1.6085854007553522e-10,1.2670344995647322
266.0,12.734615196327828,2,1.6047585735416436e-10,1.2649194264449681
267.0,12.731857757117679,2,1.6009526288013836e-10,1.2628163114975293
268.0,12.729109632637183,2,1.5971675007170153e-10,1.260725048506927
269.0,12.726370851895057,2,1.593403114825093e-10,1.2586455323108134
270.0,12.723641436825778,2,1.5896593967465937e-10,1.2565776588343582
271.0,12.720921404003706,2,1.5859362617291704e-10,1.2545213250782565
272.0,12.71821076788649,2,1.5822336186971705e-10,1.2524764291017725
273.0,12.715509529365455,2,1.5785513789281806e-10,1.250442869977941
274.0,12.712817697392065,2,1.574889423735625e-10,1.248420548025059
275.0,12.710135266829107,2,1.5712476660678335e-10,1.246409364298219
276.0,12.707462225961047,2,1.5676259872114764e-10,1.2444092212452587
277.0,12.704798571126323,2,1.564024267287307e-10,1.2424200221250024
278.0,12.702144281572899,2,1.5604423962494184e-10,1.2404416713124335
279.0,12.699499328671838,2,1.5568802395334172e-10,1.2384740742941436
280.0,12.696863697866641,2,1.5533376626404715e-10,1.2365171373368538
281.0,12.694237354071612,2,1.549814543986689e-10,1.234570768070883
282.0,12.691620261144617,2,1.5463107341730241e-10,1.232634874937626
283.0,12.68901238424263,2,1.5428260946088581e-10,1.2307093673573766
284.0,12.686413682491718,2,1.5393604841876288e-10,1.2287941559040012
285.0,12.683824103693501,2,1.5359137425604157e-10,1.2268891520677099
286.0,12.680663407155723,2,1.5324857216868817e-10,1.2255371562722646
287.0,12.677079430686147,2,1.5283911015103473e-10,1.2246047346523166
288.0,12.673529549854432,2,1.523809762424561e-10,1.2236662740673223
289.0,12.670013552191312,2,1.5192830633667197e-10,1.2227220371523113
290.0,12.666531414316797,2,1.5148103395329239e-10,1.2217720837900776
291.0,12.663083079172925,2,1.5103911558172204e-10,1.2208164698037005
292.0,12.659668476139764,2,1.5060250336813472e-10,1.2198552570824255
293.0,12.656287502663373,2,1.5017115018479296e-10,1.2188885063169184
294.0,12.652940036624516,2,1.4974500470130547e-10,1.2179162817983213
295.0,12.64962592881963,2,1.4932401437109505e-10,1.2169386483025038
296.0,12.646345008965557,2,1.4890812377634156e-10,1.2159556739519821
297.0,12.64309708386625,2,1.4849727643720332e-10,1.2149674274969708
298.0,12.639881937270314,2,1.4809141343726909e-10,1.2139739799121865
299.0,12.636699332494464,2,1.476904740486312e-10,1.2129754038527694
300.0,12.633549011577635,2,1.4729439607562607e-10,1.21197177437686
301.0,12.630430696168654,2,1.4690311562823489e-10,1.2109631675480848
302.0,12.627344088507883,2,1.4651656720747858e-10,1.2099496605728874
303.0,12.62428887288337,2,1.461346838035989e-10,1.2089313339408454
304.0,12.621264713910012,2,1.4575739747988184e-10,1.2079082697291592
305.0,12.61827126660845,2,1.4538463856775138e-10,1.2068805459911611
306.0,12.615308146955941,2,1.4501633731815502e-10,1.2058482553511336
307.0,12.612374997183023,2,1.446524202502703e-10,1.204811474400106
308.0,12.60947141101863,2,1.4429281774106193e-10,1.2037702957938847
309.0,12.606596966786377,2,1.4393745563464293e-10,1.2027248073137693
310.0,12.603751258172126,2,1.435862584944706e-10,1.201675096904204
311.0,12.600933836889853,2,1.4323915418746374e-10,1.2006212563611265
312.0,12.59814426688567,2,1.4289606591259592e-10,1.199563381004011
313.0,12.595382092840344,2,1.425569194443572e-10,1.198501558511094
314.0,12.59264685102971,2,1.4222163907708193e-10,1.197435886605598
315.0,12.58993806011432,2,1.418901492933972e-10,1.196366461247283
316.0,12.58725525954787,2,1.415623730164779e-10,1.1952933738615892
317.0,12.58459795315775,2,1.412382362653955e-10,1.1942167244604345
318.0,12.581965654084518,2,1.4091766239267246e-10,1.193136610475709
319.0,12.579357866383255,2,1.406005759166459e-10,1.1920531304312747
320.0,12.576774088590259,2,1.4028690165088395e-10,1.1909663846093843
321.0,12.57421383578014,2,1.399765642921531e-10,1.189876466822177
322.0,12.57167659258477,2,1.3966949103796554e-10,1.1887834810989764
323.0,12.569161848748925,2,1.3936560657392644e-10,1.1876875299683762
324.0,12.56666911547084,2,1.3906483695410138e-10,1.1865887083531306
325.0,12.564197888123113,2,1.387671110420753e-10,1.1854871173927872
326.0,12.561747655405995,2,1.384723567534374e-10,1.1843828613776783
327.0,12.559317915891864,2,1.3818050201578974e-10,1.1832760376876774
328.0,12.55690818551741,2,1.3789147663041676e-10,1.1821667497144437
329.0,12.554517952194354,2,1.3760521224831665e-10,1.1810550958154842
330.0,12.552146729369657,2,1.3732163901887582e-10,1.179941177813404
331.0,12.549794034191752,2,1.3704068991326215e-10,1.1788250940770828
332.0,12.547459372002226,2,1.3676229901472122e-10,1.1777069478442777
333.0,12.54514227290547,2,1.3648639964476406e-10,1.1765868341028873
334.0,12.542842252862837,2,1.3621292844167195e-10,1.1754648562396426
335.0,12.540558850262265,2,1.3594182110399104e-10,1.1743411139931705
336.0,12.538291605425078,2,1.3567301634882467e-10,1.1732156960922828
337.0,12.536040046824619,2,1.3540645289538987e-10,1.1720887177894368
338.0,12.533803743929797,2,1.351420700717391e-10,1.1709602497067488
339.0,12.531582245231075,2,1.3487981039674882e-10,1.1698304124539505
340.0,12.52937511517357,2,1.3461961628929658e-10,1.1686992854251408
341.0,12.527181923500645,2,1.3436143111630567e-10,1.167566972540362
342.0,12.525002257831638,2,1.3410519976805634e-10,1.166433554900486
343.0,12.522835693134496,2,1.3385086965857707e-10,1.1652991536917237
344.0,12.520681837241725,2,1.335983863128574e-10,1.164163834972965
345.0,12.518540278595715,2,1.3334770047438136e-10,1.1630276903493002
346.0,12.516410635095507,2,1.3309876002379852e-10,1.1618908160863761
347.0,12.514292535738623,2,1.3285151736894535e-10,1.1607533023245367
348.0,12.512185591427068,2,1.326059254218552e-10,1.1596152329785832
349.0,12.51008944327041,2,1.323619363954583e-10,1.158476696755208
350.0,12.50800373626268,2,1.3211950554331557e-10,1.157337777174215
351.0,12.505928119061315,2,1.3187858908121667e-10,1.1561985597921016
352.0,12.50386225087653,2,1.3163914375863345e-10,1.1550591252040197
353.0,12.501805799567162,2,1.3140112778830942e-10,1.153919559489918
354.0,12.499758440254205,2,1.3116450048839313e-10,1.1527799366312927
355.0,12.497719861818442,2,1.3092922254846367e-10,1.1516403413560437
356.0,12.495689736628789,2,1.306952560205505e-10,1.1505008491693336
357.0,12.493667787032136,2,1.3046256156942744e-10,1.149361536969098
358.0,12.491653710381055,2,1.3023110542924277e-10,1.1482224781527484
359.0,12.489647226074677,2,1.3000085148088923e-10,1.1470837488280041
360.0,12.487648034374923,2,1.297717659044193e-10,1.1459454218879397
361.0,12.485655890484168,2,1.2954381308250638e-10,1.1448075676213465
362.0,12.483670517876599,2,1.2931696396243212e-10,1.1436702577965023
363.0,12.48169166493502,2,1.290911857429496e-10,1.1425335567881467
364.0,12.479719075859245,2,1.2886644854484147e-10,1.1413975338055864
365.0,12.477752514028976,2,1.2864272215439498e-10,1.1402622563794178
366.0,12.475791738952013,2,1.2841997892134453e-10,1.1391277867828609
367.0,12.473836527501566,2,1.2819819079534906e-10,1.1379941904200264
368.0,12.4718866437537,2,1.2797733140242158e-10,1.136861527863755
369.0,12.469941883252451,2,1.2775737356177478e-10,1.1357298601726054
370.0,12.468002033856484,2,1.2753829329659747e-10,1.1345992434588748
371.0,12.466066884142545,2,1.273200661304467e-10,1.1334697385524628
372.0,12.464136241727791,2,1.2710266758112403e-10,1.1323414047060762
373.0,12.462209906463457,2,1.2688607541988298e-10,1.1312142933653895
374.0,12.460287701115998,2,1.2667026688611966e-10,1.1300884573567016
375.0,12.458369434795072,2,1.2645522147611285e-10,1.1289639534532783
376.0,12.456454930882149,2,1.262409175995508e-10,1.1278408305405145
377.0,12.45454402369759,2,1.260273349327455e-10,1.1267191375661159
378.0,12.452636541634325,2,1.258144547165033e-10,1.1255989256262202
379.0,12.450732322064528,2,1.2560225747401713e-10,1.124480242225423
380.0,12.448831208376685,2,1.2539072493105077e-10,1.1233631337796288
381.0,12.446933047993765,2,1.251798395047649e-10,1.1222476450664527
382.0,12.44503769148305,2,1.249695839382864e-10,1.1211338203082892
383.0,12.44314499809705,2,1.2475994154878026e-10,1.1200217020008352
384.0,12.441254823809956,2,1.2455089652460425e-10,1.1189113334610081
385.0,12.439367035185933,2,1.2434243305333028e-10,1.1178027532259807
386.0,12.437481497072921,2,1.2413453607532224e-10,1.1166960021699845
387.0,12.435598085324282,2,1.2392719086140193e-10,1.1155911185433403
388.0,12.433716679395982,2,1.237203835465395e-10,1.1144881393073212
389.0,12.431837148045647,2,1.2351410070090961e-10,1.1133870999486017
390.0,12.429959380125611,2,1.233083283537717e-10,1.1122880366198815
391.0,12.428083258959608,2,1.2310305404053176e-10,1.1111909844916426
392.0,12.426208679544702,2,1.2289826524730271e-10,1.1100959745526524
393.0,12.424335526850093,2,1.2269395033416888e-10,1.1090030399351938
394.0,12.422463701403327,2,1.2249009698406706e-10,1.1079122122908238
395.0,12.420593097233077,2,1.2228669446392855e-10,1.106823522228776
396.0,12.418723627255929,2,1.2208373147385837e-10,1.1057369959854195
397.0,12.416855184324744,2,1.2188119825061802e-10,1.1046526646045376
398.0,12.414987675689128,2,1.2167908364143106e-10,1.1035705547144752
399.0,12.413121016848919,2,1.2147737780027854e-10,1.1024906938440036
400.0,12.411255109622203,2,1.212760717444686e-10,1.1014131069518913
401.0,12.409389887240655,2,1.210751551083472e-10,1.1003378164887103
402.0,12.407525251639806,2,1.2087462048457956e-10,1.0992648488148087
403.0,12.405661127560238,2,1.2067445797709437e-10,1.0981942279331554
404.0,12.403797437587887,2,1.2047465960324507e-10,1.0971259733721013
405.0,12.401934101198387,2,1.2027521715690908e-10,1.0960601085620085
406.0,12.400071034192424,2,1.2007612242723507e-10,1.0949966546795018
407.0,12.398208198218885,2,1.1987736683094498e-10,1.0939356290894462
408.0,12.396345483793137,2,1.1967894588814323e-10,1.092877054665411
409.0,12.394482858262219,2,1.1948084901682106e-10,1.0918209468957958
410.0,12.392620232716572,2,1.1928307232554284e-10,1.0907673242952673
411.0,12.390757563124437,2,1.1908560698417126e-10,1.0897162012750519
412.0,12.388894748735511,2,1.1888844832942902e-10,1.0886676016073427
413.0,12.387031762106378,2,1.1869158667919963e-10,1.0876215355110448
414.0,12.385168557209061,2,1.1849501890123293e-10,1.086578015880179
415.0,12.383305015922764,2,1.1829874013767467e-10,1.0855370663864607
416.0,12.381441153041228,2,1.1810273937809996e-10,1.0844986904720975
417.0,12.37957686031975,2,1.1790701728050404e-10,1.0834629089733507
418.0,12.377712210033973,2,1.1771156367894613e-10,1.0824297602831485
419.0,12.376662548189383,2,1.175163849702677e-10,1.0819571540985309
420.0,12.37523285646791,2,1.173994022589964e-10,1.0809045248008304
421.0,12.37380524648721,2,1.1724456391744846e-10,1.079854761308668
422.0,12.372379286708254,2,1.170900949703879e-10,1.078807965536392
423.0,12.370954031098792,2,1.169359578896837e-10,1.0777640406441285
424.0,12.369529748051681,2,1.1678206412230696e-10,1.0767230020451088
425.0,12.368107004653007,2,1.1662843790863276e-10,1.0756848843391906
426.0,12.366685153312783,2,1.1647512964053317e-10,1.0746496470589515
427.0,12.365264405059392,2,1.1632208013418491e-10,1.0736173027342248
428.0,12.363844678428274,2,1.1616930775845526e-10,1.0725878454063502
429.0,12.362425907080105,2,1.1601680440017742e-10,1.071561267369943
430.0,12.361008112358396,2,1.1586456339552545e-10,1.070537575361451
431.0,12.35959121797074,2,1.1571258604749663e-10,1.069516759748744
432.0,12.358175130897479,2,1.1556086490510893e-10,1.068498808011217
433.0,12.356759852381867,2,1.1540939086641666e-10,1.067483721824056
434.0,12.355345425192324,2,1.152581636055948e-10,1.066471516077304
435.0,12.353931744691005,2,1.1510718605612439e-10,1.06546217191586
436.0,12.352518681841943,2,1.1495644848278632e-10,1.0644556682330504
437.0,12.351106310234144,2,1.1480593895513978e-10,1.0634520233961577
438.0,12.349694542632339,2,1.1465566303230395e-10,1.0624512239089146
439.0,12.348283325971003,2,1.1450561282773948e-10,1.0614532597424797
440.0,12.346872696433717,2,1.1435578293531712e-10,1.0604581482662268
441.0,12.34546250719624,2,1.1420617618409382e-10,1.059465854977109
442.0,12.34405276385125,2,1.1405677893185521e-10,1.0584763845794434
443.0,12.342643458845963,2,1.1390759135613399e-10,1.0574897439334443
444.0,12.341234509023876,2,1.1375861210239922e-10,1.0565059124930976
445.0,12.339825937266731,2,1.1360983352948513e-10,1.0555249095325792
446.0,12.338417613304971,2,1.1346125740869584e-10,1.0545466898047353
447.0,12.337009539957025,2,1.1331287182989164e-10,1.0535712654907792
448.0,12.33560173758105,2,1.131646762068702e-10,1.0525986672281253
449.0,12.334194099409403,2,1.1301667226954816e-10,1.0516288440726598
450.0,12.33278658668382,2,1.128688503491753e-10,1.0506617940863396
451.0,12.331379197823106,2,1.1272120666450832e-10,1.049697531420293
452.0,12.32997186035448,2,1.1257374065464718e-10,1.048736029209377
453.0,12.328564578229015,2,1.1242644575122146e-10,1.0477773047689312
454.0,12.32715727804652,2,1.122793219605183e-10,1.046821330185908
455.0,12.325749936388227,2,1.1213236263879091e-10,1.0458681084554102
456.0,12.326584410385818,2,1.1198556529241753e-10,1.0464002517260367
457.0,12.326614786640066,2,1.1204617246998822e-10,1.0463996147521955
458.0,12.326645107905462,2,1.1203239509512941e-10,1.0463990689790714
459.0,12.326675073182493,2,1.1201861530299268e-10,1.046398298299017
460.0,12.326705075067219,2,1.120048035619868e-10,1.0463975515855406
461.0,12.326735086187973,2,1.1199099653611634e-10,1.0463968120802334
462.0,12.326765096863525,2,1.1197719165935237e-10,1.0463960720974956
463.0,12.326795058119822,2,1.1196338806971753e-10,1.046395295126569
464.0,12.326825137665317,2,1.1194958129342099e-10,1.0463946101641763
465.0,12.326855177043209,2,1.119357865765567e-10,1.0463938946904499
466.0,12.32688505732967,2,1.1192198966294498e-10,1.0463930380279647
467.0,12.326915107937129,2,1.119081791476463e-10,1.0463923293949475
468.0,12.32694515559902,2,1.1189438596061899e-10,1.0463916181204915
469.0,12.326975253297169,2,1.1188059369707895e-10,1.046390965217504
470.0,12.327005307176965,2,1.1186680742772905e-10,1.0463902690338076
471.0,12.327035336876486,2,1.1185301829778686e-10,1.046389548171627
472.0,12.327065356185088,2,1.118392283723564e-10,1.046388813711309
473.0,12.327095249519093,2,1.1182543870005245e-10,1.0463879242957899
474.0,12.327125300070563,2,1.1181163870691522e-10,1.04638720670737
475.0,12.327155362738026,2,1.1179785476690425e-10,1.0463865400181627
476.0,12.32718547219493,2,1.1178407282518915e-10,1.04638590778762
477.0,12.327215497371451,2,1.1177029696511181e-10,1.0463851707275347
478.0,12.327245529211678,2,1.1175651454227243e-10,1.0463844460163814
479.0,12.327275477903772,2,1.1174273392037258e-10,1.0463836118196697
480.0,12.327305584421175,2,1.1172894689285757e-10,1.0463829692618807
481.0,12.327335625268201,2,1.117151760103068e-10,1.0463822424565359
482.0,12.327365642661862,2,1.1170140009876458e-10,1.0463814802996794
483.0,12.327395572648953,2,1.1168762361645061e-10,1.04638064793964
484.0,12.327425692304459,2,1.1167384011929568e-10,1.0463799916919236
485.0,12.327455707101183,2,1.1166007560814135e-10,1.046379246511277
486.0,12.327485771451398,2,1.1164630258296101e-10,1.0463785414775715
487.0,12.327513798404457,2,1.1163253565985013e-10,1.0463774272283826
488.0,12.327545808901032,2,1.1161858885675525e-10,1.046377068680346
489.0,12.327573888466148,2,1.1160499696963557e-10,1.0463758707709325
490.0,12.327601034907987,2,1.1159105572380268e-10,1.0463718700477602
491.0,12.326551037666913,2,1.1157701651410363e-10,1.0455345601452162
492.0,12.32533251774518,2,1.114629207633628e-10,1.0445673888185767
493.0,12.32411640598393,2,1.1133326598219066e-10,1.0436029618955567
494.0,12.32290310244673,2,1.1120393907581416e-10,1.0426412716644322
495.0,12.32169249437327,2,1.1107497625552816e-10,1.0416824287864024
496.0,12.320484548928038,2,1.1094636606473203e-10,1.04072642152368
497.0,12.319279261807502,2,1.1081810452179661e-10,1.039773237788786
498.0,12.31807661035578,2,1.1069019035443411e-10,1.0388228658437864
499.0,12.316876554545475,2,1.1056262057809299e-10,1.0378752943117084
500.0,12.315679084092695,2,1.1043539056500411e-10,1.0369305114448408
501.0,12.314484179306078,2,1.1030849852596992e-10,1.0359885057146003
502.0,12.313291801732776,2,1.1018194179494512e-10,1.0350492659796318
503.0,12.312101944106292,2,1.1005571591680812e-10,1.0341127806889228
504.0,12.310914614496124,2,1.0992981943772556e-10,1.03317903810012
505.0,12.30972971000925,2,1.0980425241080048e-10,1.032248028369894
506.0,12.308547253001285,2,1.0967900418245837e-10,1.031319739734329
507.0,12.307367195272041,2,1.0955407619245258e-10,1.0303941616506844
508.0,12.306189562433222,2,1.094294630666408e-10,1.029471282431128
509.0,12.305014306162507,2,1.093051666159307e-10,1.028551091680047
510.0,12.303841411466841,2,1.0918118147572033e-10,1.0276335785412365
511.0,12.302670851357638,2,1.0905750553216768e-10,1.0267187324407232
512.0,12.301502601116885,2,1.0893413550894011e-10,1.0258065428524585
513.0,12.300336649186423,2,1.0881106835505196e-10,1.0248969991041037
514.0,12.299172959166052,2,1.086883023255829e-10,1.0239900910317095
515.0,12.298011529432454,2,1.0856583323519516e-10,1.0230858079465144
516.0,12.296852321260994,2,1.084436603382187e-10,1.022184139935943
517.0,12.295695330722236,2,1.0832177922772298e-10,1.0212850765346706
518.0,12.294540532383117,2,1.0820018895072827e-10,1.0203886061617014
519.0,12.29338789573912,2,1.0807888653583587e-10,1.019494721781841
520.0,12.292237402759811,2,1.0795786822038845e-10,1.018603413890374
521.0,12.291089046976886,2,1.0783713164417346e-10,1.0177146681256306
522.0,12.289942794819574,2,1.0771667594209888e-10,1.0168284787095159
523.0,12.288798630108174,2,1.0759649696611025e-10,1.0159448315351283
524.0,12.2876565439378,2,1.0747659282006978e-10,1.0150637220923668
525.0,12.286516504138605,2,1.0735696197097285e-10,1.0141851403146467
526.0,12.28537849842711,2,1.0723760059353841e-10,1.0133090721955347
527.0,12.284242511378528,2,1.0711850722454802e-10,1.012435509008673
528.0,12.283108515881809,2,1.0699967995561719e-10,1.0115644479168169
529.0,12.281976500603824,2,1.0688111517443585e-10,1.0106958673658737
530.0,12.28237588298256,2,1.0676281159304174e-10,1.011693113891117
531.0,12.281961552109053,2,1.0679088771899713e-10,1.0116979811424787
532.0,12.28154781099112,2,1.0674121103037702e-10,1.0117028380506794
533.0,12.281134656849826,2,1.0669161152875383e-10,1.0117076770174396
534.0,12.28072826870561,2,1.0664208891543286e-10,1.0117124961089792
535.0,12.280332841640426,2,1.0659316070773136e-10,1.0117172751950085
536.0,12.279898700425514,2,1.0654517742664947e-10,1.0117221345293652
537.0,12.27948788998623,2,1.064939796912386e-10,1.0117269304242358
538.0,12.279077648790535,2,1.0644476321725993e-10,1.0117317128976122
539.0,12.278667990927696,2,1.0639562174895732e-10,1.0117364821989403
540.0,12.278258911746885,2,1.0634655623396911e-10,1.0117412369338892
541.0,12.277850412759138,2,1.0629756624277597e-10,1.0117459850618589
542.0,12.2774424826349,2,1.0624865187857924e-10,1.0117507214067982
543.0,12.277035129467937,2,1.061998119849352e-10,1.0117557747958197
544.0,12.276628345923108,2,1.0615104722165383e-10,1.0117602352038944
545.0,12.276222134507364,2,1.0610235685473654e-10,1.0117648516453814
546.0,12.27581649110065,2,1.0605374112022337e-10,1.011769535704193
547.0,12.275411435270522,2,1.0600519930059818e-10,1.0117742129341678
548.0,12.275006882648077,2,1.0595673319263696e-10,1.0117788418281108
549.0,12.274602959508506,2,1.0590833522336285e-10,1.011783529705309
550.0,12.274199585365798,2,1.0586001698099683e-10,1.0117881696637858
551.0,12.273796742221574,2,1.0581177053743152e-10,1.011792763843903
552.0,12.273394487314173,2,1.0576359426034498e-10,1.0117973828178408
553.0,12.272992793244772,2,1.0571549365679743e-10,1.0118019947574282
554.0,12.272591655776576,2,1.056674659639445e-10,1.0118065951333053
555.0,12.272191066956921,2,1.0561951070045322e-10,1.0118111666318628
556.0,12.271791041240323,2,1.055716269960249e-10,1.011815743085447
557.0,12.271391566542508,2,1.0552381625532485e-10,1.0118203066844658
558.0,12.27099264672359,2,1.0547607718179102e-10,1.0118248575558433
559.0,12.27059427489271,2,1.0542841010862111e-10,1.0118293949721258
560.0,12.270196455979233,2,1.0538081428975919e-10,1.0118339253670456
561.0,12.269799179874067,2,1.0533329015123542e-10,1.0118384366941995
562.0,12.269402455002467,2,1.0528583662493087e-10,1.0118429432906744
563.0,12.269006282749457,2,1.0523845448958935e-10,1.0118474493350498
564.0,12.268610636769537,2,1.0519114382726329e-10,1.0118519169461602
565.0,12.268215545596998,2,1.0514390193665225e-10,1.0118563919870076
566.0,12.267820992670272,2,1.0509673161645422e-10,1.0118608504368733
567.0,12.26742698091876,2,1.0504963114929379e-10,1.0118652993951638
568.0,12.267033512442142,2,1.050026007687352e-10,1.0118697441275624
569.0,12.26664058293974,2,1.0495564062875845e-10,1.0118741797753923
570.0,12.26624817671227,2,1.0490875023584926e-10,1.0118785843244857
571.0,12.265856316572574,2,1.0486192795529996e-10,1.0118829955449253
572.0,12.265464989897293,2,1.0481517602815437e-10,1.0118873955952432
573.0,12.265074191396002,2,1.0476849311965458e-10,1.011891777977398
574.0,12.26468393144565,2,1.0472187864829381e-10,1.0118961612176978
575.0,12.264294194374312,2,1.046753335933323e-10,1.0119005229085345
576.0,12.263904986131225,2,1.0462885632906567e-10,1.0119048740655412
577.0,12.263516308526015,2,1.0458244738982388e-10,1.0119092206662361
578.0,12.263128158261074,2,1.045361069148608e-10,1.0119135584951577
579.0,12.262740528919883,2,1.044898345117859e-10,1.0119178787092125
580.0,12.26235343087174,2,1.044436294570641e-10,1.0119222007164077
581.0,12.261966838515404,2,1.0439749277765047e-10,1.011926487421976
582.0,12.261580783098049,2,1.0435142180335032e-10,1.011930788411819
583.0,12.261195236715118,2,1.0430541965787227e-10,1.0119350619834129
584.0,12.260810213287806,2,1.0425948345747878e-10,1.0119393319835512
585.0,12.260425714113417,2,1.042136145584359e-10,1.0119436029745505
586.0,12.260041729948496,2,1.0416781303455781e-10,1.0119478625754998
587.0,12.259658250987753,2,1.0412207790873669e-10,1.0119520956420835
588.0,12.259275290864684,2,1.0407640812392221e-10,1.011956327376266
589.0,12.25889284045373,2,1.0403080501491294e-10,1.0119605447634474
590.0,12.2585109058434,2,1.0398526760334007e-10,1.0119647602784319
591.0,12.258129479621502,2,1.0393979645552361e-10,1.0119689613972664
592.0,12.2577485580046,2,1.038943907536621e-10,1.0119731469042967
593.0,12.257368151175136,2,1.0384905010307198e-10,1.0119773341967417
594.0,12.256988246153849,2,1.0380377543876494e-10,1.0119815041948041
595.0,12.256608847075418,2,1.0375856542059572e-10,1.0119856655427437
596.0,12.256229959634835,2,1.0371342040955944e-10,1.0119898290986
597.0,12.255851560349463,2,1.0366834092333302e-10,1.0119939599081968
598.0,12.255473667673385,2,1.0362332456224803e-10,1.0119980888469777
599.0,12.255096277922767,2,1.0357837312015667e-10,1.0120022120118333
600.0,12.254719391080704,2,1.0353348617676512e-10,1.012006331228523
601.0,12.254342988825496,2,1.0348866367646167e-10,1.0120104196257667
602.0,12.25396710247166,2,1.034439037482116e-10,1.0120145283035482
603.0,12.253591705502723,2,1.0339920945468331e-10,1.0120186174216255
604.0,12.253216797108346,2,1.0335457810508887e-10,1.01202268761744
605.0,12.252842385852015,2,1.0331000957030808e-10,1.0120267541284282
606.0,12.252468469455126,2,1.0326550464938719e-10,1.0120308151250628
607.0,12.25209503805977,2,1.032210630684394e-10,1.0120348572274964
608.0,12.251722101766793,2,1.031766837949814e-10,1.0120388978579462
609.0,12.251349650922695,2,1.0313236778400433e-10,1.012042923944672
610.0,12.2509776888081,2,1.0308811402834139e-10,1.0120469422396483
611.0,12.25060621349457,2,1.030439228011472e-10,1.0120509516637863
612.0,12.250235226870855,2,1.0299979386374432e-10,1.012054956729409
613.0,12.249864719068004,2,1.0295572734839615e-10,1.0120589442609529
614.0,12.24949469820719,2,1.0291172223938105e-10,1.012062928248191
615.0,12.249125159116275,2,1.0286777928090913e-10,1.0120669026454345
616.0,12.248756098078786,2,1.028238979167865e-10,1.0120708636004685
617.0,12.248387515028364,2,1.0278007773565073e-10,1.0120748128068724
618.0,12.248019420261096,2,1.0273631868280406e-10,1.0120787667559916
619.0,12.247651796195546,2,1.0269262170117869e-10,1.0120827018106042
620.0,12.247284648870277,2,1.0264898504239447e-10,1.012086628017363
621.0,12.24691797332352,2,1.026054092388417e-10,1.0120905402307714
622.0,12.246551773938739,2,1.0256189376535446e-10,1.0120944461371335
623.0,12.246186086859158,2,1.0251843899166654e-10,1.0120983984522485
624.0,12.245820839897915,2,1.0247504829398538e-10,1.0121022942321725
625.0,12.245456060086317,2,1.0243171475454877e-10,1.0121061773145585
626.0,12.2450917524771,2,1.0238844089338954e-10,1.012110054779204
627.0,12.244727917029323,2,1.0234522717025425e-10,1.0121139216241355
628.0,12.24436453799144,2,1.0230207339331345e-10,1.012117777192733
629.0,12.24400157951907,2,1.0225897833755852e-10,1.0121215572570685
630.0,12.243639255302153,2,1.0221593834926237e-10,1.012125546645084
631.0,12.243277457390771,2,1.0217297328045959e-10,1.012129592248967
632.0,12.242915728952084,2,1.0213007293419706e-10,1.0121331493954147
633.0,12.242244986905433,2,1.020871953394046e-10,1.0117546454355584
634.0,12.241281470731863,2,1.0201607319952823e-10,1.0110145758326485
635.0,12.240319017058159,2,1.01918218077976e-10,1.01027575639809
636.0,12.239358027259179,2,1.0182051251121908e-10,1.0095386799712716
637.0,12.238398480348673,2,1.0172299291469926e-10,1.008803356722819
638.0,12.237440386946254,2,1.0162565718887753e-10,1.0080697660577491
639.0,12.236483712607054,2,1.0152850583362889e-10,1.0073379079337492
640.0,12.235528450823326,2,1.0143153543669052e-10,1.0066077766988073
641.0,12.234574595380387,2,1.0133474506260309e-10,1.0058793618177757
642.0,12.23362212398826,2,1.0123813383182353e-10,1.0051526615923474
643.0,12.232671040432903,2,1.0114169939127551e-10,1.0044276689357818
644.0,12.231721320952905,2,1.0104544170600699e-10,1.0037043773158152
645.0,12.230772956788918,2,1.0094935842169997e-10,1.0029827803009077
646.0,12.229825942681739,2,1.0085344831733965e-10,1.0022628739063055
647.0,12.228880258955611,2,1.0075771068749745e-10,1.00154464949754
648.0,12.227935895689253,2,1.0066214335248492e-10,1.0008281027246495
649.0,12.226992843673912,2,1.0056674519274603e-10,1.000113228028494
650.0,12.226051095411936,2,1.004715150087163e-10,0.999400019087778
651.0,12.225110626845996,2,1.0037645181189492e-10,0.998688470284639
652.0,12.224171442979724,2,1.0028155322693774e-10,0.9979785754792017
653.0,12.223233524556731,2,1.0018681929065521e-10,0.9972703293749138
654.0,12.22229686222544,2,1.0009224801974773e-10,0.9965637261146417
655.0,12.221361445524947,2,9.999783827726198e-11,0.9958587600362107
656.0,12.220427263092983,2,9.990358882877313e-11,0.9951554254947623
657.0,12.21949430550939,2,9.980949836279653e-11,0.9944537170671051
658.0,12.218562563876173,2,9.97155657443417e-11,0.9937536288603033
659.0,12.21763201862541,2,9.962178985768012e-11,0.9930551551912116
660.0,12.216702669927383,2,9.952816876077394e-11,0.9923582911681409
661.0,12.21577450260858,2,9.943470209725354e-11,0.9916630308248386
662.0,12.214847508214403,2,9.934138825120653e-11,0.9909693682101509
663.0,12.213921674764089,2,9.924822622058352e-11,0.9902772993895135
664.0,12.212996998830823,2,9.91552146186306e-11,0.9895868183859436
665.0,12.212073453280093,2,9.906235271646435e-11,0.9888979184725203
666.0,12.211151044575379,2,9.8969638275825e-11,0.9882105956635105
667.0,12.210229758661303,2,9.887707125079808e-11,0.9875248443152437
668.0,12.20930958522775,2,9.878465008125155e-11,0.9868406593554341
669.0,12.20839050944076,2,9.869237366766455e-11,0.9861580349778202
670.0,12.20747253382572,2,9.860024055281179e-11,0.9854769667746694
671.0,12.206555653583447,2,9.850825042620285e-11,0.984797446345752
672.0,12.205639807237478,2,9.841640284810394e-11,0.984119475675595
673.0,12.204725042305958,2,9.83246922355982e-11,0.9834430421385147
674.0,12.20381133041805,2,9.823312223384698e-11,0.9827681440228129
675.0,12.202898697038545,2,9.814169020447749e-11,0.982094776001836
676.0,12.202827071246308,2,9.805039785921728e-11,0.9819056276956468
677.0,12.203072546391425,2,9.802961720672413e-11,0.9818987306378342
678.0,12.20331850056417,2,9.803540976914166e-11,0.9818920225875744
679.0,12.203564988298012,2,9.80412396308872e-11,0.9818855198968999
680.0,12.203810920108126,2,9.804711056585312e-11,0.981878587605171
681.0,12.204057602559987,2,9.805293182689904e-11,0.9818719940917962
682.0,12.20430426748118,2,9.805881244501931e-11,0.981865355906565
683.0,12.204551087707683,2,9.806468834635058e-11,0.9818585731976415
684.0,12.204798074410485,2,9.807057392783843e-11,0.9818518510353281
685.0,12.205045277561858,2,9.807647005949039e-11,0.9818451528284536
686.0,12.205292534769596,2,9.808238102732782e-11,0.9818383785139152
687.0,12.205539988981945,2,9.808829315895609e-11,0.981831628241191
688.0,12.205787612420597,2,9.809421856420238e-11,0.9818248751444902
689.0,12.206035396939978,2,9.810015477420989e-11,0.9818181042286687
690.0,12.206283341992606,2,9.810610109258173e-11,0.9818113281016178
691.0,12.206531449070676,2,9.81120575257809e-11,0.9818045416780061
692.0,12.206779713003545,2,9.811802416724663e-11,0.9817977474615321
693.0,12.207028141355728,2,9.812400062629419e-11,0.9817909439176274
694.0,12.207276730180242,2,9.812998749106908e-11,0.9817841299238322
695.0,12.20752544684823,2,9.813598445204068e-11,0.9817772467336253
696.0,12.207774395438049,2,9.81419890129899e-11,0.981770494663601
697.0,12.20802346151848,2,9.81480092173522e-11,0.9817636250075061
698.0,12.227013091743913,2,9.81540360695816e-11,0.993891184682375
699.0,12.226179179367973,2,9.9752939107698e-11,0.9931677342487067
700.0,12.225345389252594,2,9.966640347726795e-11,0.9924459540823684
701.0,12.224511721926762,2,9.957992158143358e-11,0.9917258380018609
702.0,12.223678181490694,2,9.949349333778829e-11,0.9910073870242749
703.0,12.222844758719106,2,9.940711896693285e-11,0.9902905887666296
704.0,12.222011455381953,2,9.932079745003267e-11,0.9895754438535589
705.0,12.221178273940886,2,9.923452886119038e-11,0.98886194231323
706.0,12.220345208396303,2,9.914831337210974e-11,0.988150080834523
707.0,12.219512257549447,2,9.906215028325062e-11,0.9874398536521954
708.0,12.21867941991794,2,9.897603934734545e-11,0.9867312577003321
709.0,12.217846694652884,2,9.888998027347548e-11,0.9860242867950845
710.0,12.217014079921835,2,9.880397288523609e-11,0.9853189359180335
711.0,12.216181574547042,2,9.871801689326624e-11,0.9846152004016296
712.0,12.21534917515473,2,9.863211206877393e-11,0.9839130739929132
713.0,12.21451687878251,2,9.85462579961321e-11,0.9832125529545964
714.0,12.213684688476565,2,9.846045420555982e-11,0.9825136316044997
715.0,12.212852599196516,2,9.837470100531156e-11,0.9818163050418584
716.0,12.212020611482782,2,9.828899773787266e-11,0.9811205834010311
717.0,12.211188717984053,2,9.82033443644741e-11,0.9804264312018163
718.0,12.210356920451261,2,9.811774005938562e-11,0.9797338594369435
719.0,12.209525218886933,2,9.803218484729614e-11,0.979042862891555
720.0,12.208693607112346,2,9.79466787450155e-11,0.9783534368927331
721.0,12.207862085480638,2,9.786122091739394e-11,0.9776655763785076
722.0,12.207030648672482,2,9.77758113833378e-11,0.9769792761232253
723.0,12.20619929906214,2,9.769044952427194e-11,0.9762945322476798
724.0,12.205368032685918,2,9.760513543114455e-11,0.9756113396912521
725.0,12.204536847288946,2,9.751986861418611e-11,0.9749296936787186
726.0,12.20370574120189,2,9.743464875358368e-11,0.9742495897694863
727.0,12.202874711705865,2,9.734947555060225e-11,0.9735710225087656
728.0,12.202043755563022,2,9.726434879302635e-11,0.9728939874764317
729.0,12.201212870139932,2,9.717926799053629e-11,0.9722184800010465
730.0,12.200382053559924,2,9.70942327909762e-11,0.9715444955167463
731.0,12.19955130739025,2,9.700924291064481e-11,0.9708720292260434
732.0,12.198720628265425,2,9.69242984225034e-11,0.970201076465263
733.0,12.197890009739993,2,9.683939893039094e-11,0.9695316329488927
734.0,12.19705945145403,2,9.675454367385836e-11,0.9688636939086939
735.0,12.196228950669099,2,9.666973256367594e-11,0.9681972549126708
736.0,12.195398506819547,2,9.65849652143526e-11,0.9675323111355594
737.0,12.19456811579888,2,9.65002415419656e-11,0.96686885828187
738.0,12.193737774695446,2,9.641556102005505e-11,0.9662068919296274
739.0,12.192907480897604,2,9.633092326615705e-11,0.965546407596482
740.0,12.192077233917248,2,9.62463279459133e-11,0.9648874005933576
741.0,12.191247028869734,2,9.616177496703551e-11,0.9642298667879327
742.0,12.190416865746478,2,9.607726371765925e-11,0.9635738014262554
743.0,12.189586739385453,2,9.59927941770422e-11,0.9629192005095005
744.0,12.18875664967554,2,9.590836568283333e-11,0.9622660592449862
745.0,12.187926591631703,2,9.582397823109095e-11,0.9616143736579509
746.0,12.187096563815823,2,9.573963117848841e-11,0.960964139250644
747.0,12.18626656427017,2,9.565532433645433e-11,0.9603153516013133
748.0,12.185436589658627,2,9.557105745794123e-11,0.9596680065162045
749.0,12.184606638498526,2,9.548683011928569e-11,0.9590220995312299
750.0,12.183776705624814,2,9.540264213912188e-11,0.9583776267714429
751.0,12.182946789643033,2,9.531849285639244e-11,0.9577345838036844
752.0,12.182116889319566,2,9.523438209954083e-11,0.957092966182953
753.0,12.181286999657145,2,9.515030972350559e-11,0.9564527700565001
754.0,12.18045711958619,2,9.506627508999909e-11,0.9558139909875452
755.0,12.17962724488285,2,9.498227807747712e-11,0.9551766250393875
756.0,12.178797374922429,2,9.489831815018065e-11,0.954540667737048
757.0,12.177967504710349,2,9.481439525061491e-11,0.9539061152923487
758.0,12.177137632635812,2,9.473050874225575e-11,0.9532729634263182
759.0,12.176307756754388,2,9.464665843594784e-11,0.9526412079098497
760.0,12.175477872333486,2,9.456284410610594e-11,0.9520108449688856
761.0,12.174647978567231,2,9.447906514992721e-11,0.9513818702448521
762.0,12.173818070865769,2,9.439532149392965e-11,0.9507542799664948
763.0,12.172988147227448,2,9.431161255789392e-11,0.9501280699930266
764.0,12.1721582057097,2,9.422793810845185e-11,0.9495032361825524
765.0,12.171328242421367,2,9.41442979257321e-11,0.9488797747137918
766.0,12.17049825412923,2,9.406069152297405e-11,0.9482576816745388
767.0,12.169668239169695,2,9.397711850634747e-11,0.947636952931954
768.0,12.168838194000797,2,9.389357869573079e-11,0.947017584654685
769.0,12.168008115593999,2,9.38100716562364e-11,0.9463995729594422
770.0,12.167178002148805,2,9.372659702049238e-11,0.9457829137825687
771.0,12.166347849678573,2,9.364315459497501e-11,0.9451676034032841
772.0,12.165517655452676,2,9.355974388676477e-11,0.9445536379398275
773.0,12.164687416975015,2,9.347636457213493e-11,0.9439410134788259
774.0,12.16385713130714,2,9.33930163663073e-11,0.9433297261960496
775.0,12.163026794935607,2,9.33096989211598e-11,0.9427197723691995
776.0,12.162196406334699,2,9.322641180896744e-11,0.9421111479982556
777.0,12.16136596103825,2,9.314315487943718e-11,0.9415038495239052
778.0,12.160535457060371,2,9.305992757751848e-11,0.9408978730516734
779.0,12.159704890868488,2,9.297672968818232e-11,0.9402932149136306
780.0,12.158874260506485,2,9.28935607886912e-11,0.939689871242971
781.0,12.15804356179814,2,9.281042067057058e-11,0.939087838496944
782.0,12.15721279240186,2,9.272730882194211e-11,0.9384871128939154
783.0,12.156381950185452,2,9.264422498310276e-11,0.9378876906356436
784.0,12.155551030772882,2,9.256116892623588e-11,0.9372895682543166
785.0,12.154720031991271,2,9.247814011238488e-11,0.9366927419915677
786.0,12.15388895081148,2,9.239513830812828e-11,0.936097208223436
787.0,12.153057783885796,2,9.231216316224583e-11,0.9355029633800015
788.0,12.152226528563746,2,9.222921428224471e-11,0.9349100038165908
789.0,12.15139518248108,2,9.21462913703404e-11,0.9343183258657655
790.0,12.150563741504612,2,9.206339416922892e-11,0.9337279261101693
791.0,12.149732203798244,2,9.198052217895304e-11,0.9331388008422832
792.0,12.148900564966178,2,9.18976752165447e-11,0.9325509467051425
793.0,12.14806882380757,2,9.181485274867923e-11,0.9319643599458626
794.0,12.147236976163349,2,9.173205467808374e-11,0.9313790372040694
795.0,12.146405018945527,2,9.164928050608478e-11,0.9307949750002327
796.0,12.14557294951638,2,9.156652987804282e-11,0.9302121698091631
797.0,12.144740765184924,2,9.1483802504e-11,0.929630618126903
798.0,12.143908463292126,2,9.140109808753594e-11,0.9290503164679536
799.0,12.143076039750186,2,9.131841633319142e-11,0.9284712615317369
800.0,12.142243491064928,2,9.123575675563958e-11,0.9278934499553297
801.0,12.14141081612273,2,9.115311895280798e-11,0.9273168781102706
802.0,12.14057801114361,2,9.107050283889359e-11,0.9267415426998774
803.0,12.13974507303061,2,9.09879079728142e-11,0.926167440362145
804.0,12.138911998465193,2,9.090533400459895e-11,0.9255945677748314
805.0,12.138078785547627,2,9.082278055470607e-11,0.9250229214633358
806.0,12.137245429846594,2,9.074024743486579e-11,0.9244524982598937
807.0,12.136411929051542,2,9.06577341209687e-11,0.9238832947732663
808.0,12.135578280053526,2,9.057524036683098e-11,0.9233153077075309
809.0,12.134744479834765,2,9.049276582725255e-11,0.9227485337811427
810.0,12.133910526447533,2,9.04103101632859e-11,0.9221829696010256
811.0,12.133076415028157,2,9.032787318101332e-11,0.9216186121120006
812.0,12.132242143936251,2,9.024545430380423e-11,0.9210554579224882
813.0,12.131407712927846,2,9.016305337502697e-11,0.9204935035053375
814.0,12.130573112471424,2,9.008067042009161e-11,0.919932746343711
815.0,12.129738343156927,2,8.999830425817358e-11,0.9193731828326646
816.0,12.128903401594297,2,8.991595503586341e-11,0.9188148098496769
817.0,12.128068284854614,2,8.983362235412713e-11,0.9182576242077777
818.0,12.127232990182014,2,8.975130589377355e-11,0.9177016227026757
819.0,12.126397514453352,2,8.966900536724865e-11,0.9171468022077343
820.0,12.125561854870934,2,8.958672042244281e-11,0.9165931595559564
821.0,12.124726008046483,2,8.950445076411737e-11,0.9160406916906955
822.0,12.123889970932677,2,8.942219599488226e-11,0.9154893955137446
823.0,12.123053741199673,2,8.933995577628814e-11,0.9149392678205863
824.0,12.122217313189244,2,8.925772989659117e-11,0.9143903059565653
825.0,12.121380688233351,2,8.917551756959232e-11,0.9138425061691842
826.0,12.12054386127807,2,8.909331920713425e-11,0.913295865738766
827.0,12.119706829530253,2,8.901113412276894e-11,0.91275038156625
828.0,12.118869589802244,2,8.892896204587414e-11,0.9122060506864387
829.0,12.11803213917516,2,8.884680258991079e-11,0.9116628700672442
830.0,12.117194474713125,2,8.876465544625305e-11,0.9111208366937567
831.0,12.116356593417683,2,8.868252030227413e-11,0.910579947585031
832.0,12.115518492410644,2,8.860039682560152e-11,0.9100401997173775
833.0,12.114680168601621,2,8.851828473664789e-11,0.9095015902063709
834.0,12.113841619132716,2,8.843618363965076e-11,0.9089641160136126
835.0,12.113002840953325,2,8.835409329111093e-11,0.9084277742888636
836.0,12.112163831193902,2,8.827201328943324e-11,0.9078925620306668
837.0,12.111324586871168,2,8.818994338207962e-11,0.9073584763490123
838.0,12.11048510496406,2,8.810788322691776e-11,0.9068255141562739
839.0,12.109645382602832,2,8.802583266614127e-11,0.9062936729391978
840.0,12.108805416850885,2,8.794379105096709e-11,0.9057629496292848
841.0,12.107965204760983,2,8.786175823254963e-11,0.9052333413593463
842.0,12.107124743404793,2,8.777973389501064e-11,0.9047048452762917
843.0,12.106284029862758,2,8.769771772178503e-11,0.9041774585389113
844.0,12.105443061180006,2,8.761570939759623e-11,0.9036511783162804
845.0,12.104601834475266,2,8.753370860731885e-11,0.9031260017924767
846.0,12.103760346822419,2,8.745171503720395e-11,0.9026019261619167
847.0,12.102918595277469,2,8.736972837308941e-11,0.902078948629041
848.0,12.102076577792994,2,8.728774830267159e-11,0.9015570665577043
849.0,12.101234289861289,2,8.720577440547258e-11,0.9010362768808791
850.0,12.100391729366414,2,8.712380659493887e-11,0.9005165769953999
851.0,12.099548893363064,2,8.704184444063537e-11,0.8999979641479996
852.0,12.098705777669208,2,8.695988763684796e-11,0.8994804354904429
853.0,12.09786238177445,2,8.687793594147523e-11,0.8989639885382106
854.0,12.097018701833745,2,8.67959888925275e-11,0.898448620459209
855.0,12.09617473475106,2,8.671404626467586e-11,0.8979343285498224
856.0,12.095330478329227,2,8.663210774736883e-11,0.8974211101261239
857.0,12.094485928470561,2,8.655017304527439e-11,0.8969089625006499
858.0,12.093641083310915,2,8.646824183006275e-11,0.8963978830134844
859.0,12.092795939675216,2,8.638631381417578e-11,0.8958878690070005
860.0,12.091950494705264,2,8.630438868688899e-11,0.8953789178368944
861.0,12.091104745236656,2,8.622246614354908e-11,0.8948710268725557
862.0,12.090258689129081,2,8.61405458713689e-11,0.8943641934869525
863.0,12.089412324627833,2,8.605862758646587e-11,0.8938584150494195
864.0,12.088565644131359,2,8.597671102217677e-11,0.8933536890301192
865.0,12.087718650275063,2,8.589479572724756e-11,0.8928500127583704
866.0,12.086871337673292,2,8.581288157203368e-11,0.8923473836956617
867.0,12.086023703914156,2,8.573096817483262e-11,0.8918457992676772
868.0,12.08517574475942,2,8.564905524876092e-11,0.8913452569267852
869.0,12.084327461550522,2,8.556714245264581e-11,0.890845754103837
870.0,12.0834788474985,2,8.548522960928967e-11,0.8903472882818969
871.0,12.082629898610337,2,8.540331630523754e-11,0.8898498569756427
872.0,12.08178061935718,2,8.532140219305774e-11,0.889353457545737
873.0,12.08093099797298,2,8.523948723113493e-11,0.8888580876477805
874.0,12.080081037679694,2,8.515757080540031e-11,0.8883637446795493
875.0,12.079230734327803,2,8.507565283692046e-11,0.8878704261758114
876.0,12.0783800847668,2,8.49937329828913e-11,0.8873781296746885
877.0,12.07752908630539,2,8.491181093498468e-11,0.8868868527108238
878.0,12.076677736054556,2,8.482988640269023e-11,0.8863965928383345
879.0,12.075826031352532,2,8.474795908876979e-11,0.8859073476118796
880.0,12.074973969450522,2,8.466602870472314e-11,0.8854191146005302
881.0,12.074121547735633,2,8.458409495935366e-11,0.8849318913912303
882.0,12.073268763403936,2,8.450215757673945e-11,0.8844456755503668
883.0,12.072415613716391,2,8.442021624797447e-11,0.8839604646888255
884.0,12.071562095965264,2,8.433827069063587e-11,0.8834762564149903
885.0,12.07070820730818,2,8.425632061695014e-11,0.8829930483487284
886.0,12.069853945412955,2,8.417436572917611e-11,0.8825108381144245
887.0,12.06899930819389,2,8.409240576801015e-11,0.8820296233352324
888.0,12.068144291360735,2,8.401044049160264e-11,0.8815494016880342
889.0,12.067288893022667,2,8.39284694965712e-11,0.8810701708179625
890.0,12.066433110510056,2,8.384649255649394e-11,0.880591928392219
891.0,12.065576941189272,2,8.37645093874769e-11,0.8801146720869133
892.0,12.064720384300179,2,8.368251970859162e-11,0.8796383995309253
893.0,12.063863433204341,2,8.360052338078767e-11,0.8791631085377887
894.0,12.063006087603398,2,8.351851982178593e-11,0.878688796745422
895.0,12.062148344594764,2,8.343650892676288e-11,0.8782154618769071
896.0,12.0612901887305,2,8.335449039504893e-11,0.8777431021166766
897.0,12.060431642311352,2,8.32724629361579e-11,0.877271714326909
898.0,12.05957268524654,2,8.319042822400909e-11,0.8768012968697186
899.0,12.058713331203625,2,8.310838460280349e-11,0.8763318468786184
900.0,12.05785356129068,2,8.302633310718796e-11,0.8758633627320447
901.0,12.056993378280648,2,8.294427214638689e-11,0.8753958419984995
902.0,12.056132779761318,2,8.286220187694762e-11,0.8749292824525122
903.0,12.055271763441107,2,8.27801220365726e-11,0.8744636818734556
904.0,12.05441032606816,2,8.269803237279009e-11,0.8739990380825476
905.0,12.05354845774527,2,8.261593255826886e-11,0.8735353492253959
906.0,12.052686178999311,2,8.253382167164734e-11,0.8730726120716986
907.0,12.051823464194703,2,8.2451701467149e-11,0.8726108254898711
908.0,12.050960318567075,2,8.236956964490115e-11,0.872149986964952
909.0,12.050096733738252,2,8.228742661568952e-11,0.8716900945644677
910.0,12.049232725775965,2,8.220527163043352e-11,0.8712311454283476
911.0,12.048368264671543,2,8.212310594120959e-11,0.8707731384816159
912.0,12.047503374047881,2,8.204092701479813e-11,0.8703160706183708
913.0,12.046638040181856,2,8.195873669599225e-11,0.8698599399999222
914.0,12.045772248457544,2,8.187653394970798e-11,0.8694047451789353
915.0,12.044906016349215,2,8.179431730740543e-11,0.8689504831737275
916.0,12.044039333456581,2,8.171208825553884e-11,0.8684971522138872
917.0,12.043172199778915,2,8.162984585457759e-11,0.8680447501021744
918.0,12.042304630186791,2,8.154759005734526e-11,0.8675932742563365
919.0,12.04143655558262,2,8.146532169168039e-11,0.8671427247595724
920.0,12.04056807050304,2,8.13830359186096e-11,0.8666930962675667
921.0,12.03969907733873,2,8.130073935260418e-11,0.8662443900870826
922.0,12.038829639419202,2,8.121842483790683e-11,0.8657966018125881
923.0,12.03795971623339,2,8.113609689343205e-11,0.8653497306588427
924.0,12.037089355739061,2,8.10537524949312e-11,0.864903773134242
925.0,12.036218501316693,2,8.097139504183082e-11,0.8644587288413644
926.0,12.0353471772719,2,8.088902028697679e-11,0.8640145948874502
927.0,12.034475375976783,2,8.080663000226776e-11,0.8635713694726936
928.0,12.033603095074854,2,8.072422350584472e-11,0.8631290506004556
929.0,12.032730331400513,2,8.064180054167634e-11,0.8626876362522949
930.0,12.031857085113964,2,8.055936085423581e-11,0.8622471245378341
931.0,12.030983351396117,2,8.047690419128689e-11,0.8618075133944518
932.0,12.030109128764945,2,8.039443029699693e-11,0.861368800887692
933.0,12.029234414916607,2,8.031193891925606e-11,0.8609309850609842
934.0,12.028359207536205,2,8.022942980589051e-11,0.8604940639658177
935.0,12.027483504378333,2,8.014690270492612e-11,0.8600580356610894
936.0,12.026607303324692,2,8.006435736685992e-11,0.8596228982117887
937.0,12.025730601765453,2,7.99817935487418e-11,0.8591886496964908
938.0,12.024853397634821,2,7.989921098708631e-11,0.85875528819578
939.0,12.023975688686082,2,7.98166094413991e-11,0.8583228117996982
940.0,12.023097472620572,2,7.973398866365013e-11,0.8578912186073783
941.0,12.022218751956267,2,7.965134840426936e-11,0.8574605066057416
942.0,12.021339514856962,2,7.956868863647e-11,0.8570306741395908
943.0,12.020459763972895,2,7.948600867325909e-11,0.8566017192177556
944.0,12.019579497140445,2,7.940330848984235e-11,0.8561736399678062
945.0,12.018698712659662,2,7.932058784386487e-11,0.8557464345084529
946.0,12.017817407282134,2,7.923784651575061e-11,0.8553201010186123
947.0,12.016935579394355,2,7.915508421055e-11,0.8548946376315203
948.0,12.016053226842667,2,7.907230071296435e-11,0.8544700425054199
949.0,12.01517034748003,2,7.898949578206319e-11,0.8540463138059454
950.0,12.014286939167064,2,7.890666917728628e-11,0.8536234497065147
951.0,12.013403000802715,2,7.882382065882061e-11,0.8532014479260739
952.0,12.01251852485431,2,7.874094999205291e-11,0.852780307638651
953.0,12.011633521488623,2,7.865805674475822e-11,0.8523600271552368
954.0,12.010747964339597,2,7.857514136753737e-11,0.8519406027749028
955.0,12.009861875590147,2,7.849220207892518e-11,0.8515220346130785
956.0,12.008975271054393,2,7.840924018710461e-11,0.8511043202658922
957.0,12.008088102765957,2,7.832625647778026e-11,0.8506874577780966
958.0,12.00720038892965,2,7.824324801147472e-11,0.8502714455302275
959.0,12.006312127506684,2,7.816021574780893e-11,0.8498562817596566
960.0,12.005423316471404,2,7.80771594536516e-11,0.8494419647109557
961.0,12.00453395380635,2,7.79940788971849e-11,0.8490284926355021
962.0,12.003644037511448,2,7.791097384671886e-11,0.8486158637916821
963.0,12.002753579101844,2,7.782784407190667e-11,0.8482040761754377
964.0,12.001862530853105,2,7.774469012433393e-11,0.847793128882096
965.0,12.000970940265091,2,7.766150902488255e-11,0.8473830193844821
966.0,12.000078788036786,2,7.757830361198085e-11,0.8469737462245518
967.0,11.999186072229795,2,7.749507255220793e-11,0.8465653076947384
968.0,11.998292797712043,2,7.741181561903648e-11,0.8461577021640705
969.0,11.997398942052296,2,7.732853307942052e-11,0.8457509277301898
970.0,11.996504523846166,2,7.724522322306843e-11,0.8453449829172537
971.0,11.995609534366265,2,7.716188731019765e-11,0.8449398659735691
972.0,11.99471397167446,2,7.707852462257517e-11,0.8445355752264119
973.0,11.99381783395145,2,7.699513493379154e-11,0.8441321090074424
974.0,11.99292111929479,2,7.691171802523661e-11,0.8437294656569962
975.0,11.992023838801314,2,7.682827367283732e-11,0.8433276433171673
976.0,11.991125982965873,2,7.674480250429082e-11,0.8429266403404766
977.0,11.990227529462327,2,7.666130379364823e-11,0.8425264556130246
978.0,11.989328491809518,2,7.657777598454368e-11,0.8421270871726683
979.0,11.988428852293007,2,7.649421986186507e-11,0.8417285335627636
980.0,11.987528648688864,2,7.641063422100554e-11,0.8413307927779435
981.0,11.986627826910231,2,7.632702129389828e-11,0.8409338637576728
982.0,11.985726431125967,2,7.62433776253718e-11,0.840537744341356
983.0,11.984824440342686,2,7.615970585259076e-11,0.8401424331749505
984.0,11.983921910073562,2,7.607600455932344e-11,0.8397479275796068
985.0,11.983018773634093,2,7.599227717934095e-11,0.8393542269364369
986.0,11.98211495890344,2,7.590851932806415e-11,0.8389613316555247
987.0,11.981210583914507,2,7.582472641905868e-11,0.8385692372904564
988.0,11.98030568189346,2,7.574090575476002e-11,0.8381779409677523
989.0,11.97940009882181,2,7.565705940819078e-11,0.83778744620371
990.0,11.97849384413918,2,7.557317745997709e-11,0.837397749607687
991.0,11.97758705055608,2,7.548926028930716e-11,0.8370088470844297
992.0,11.976679712825867,2,7.540531641028732e-11,0.8366207371412525
993.0,11.97577170636128,2,7.532134524978515e-11,0.8362334210656237
994.0,11.974863027666965,2,7.523733893966393e-11,0.8358468974098715
995.0,11.973953796916176,2,7.515329714954636e-11,0.8354611617913122
996.0,11.973043944568484,2,7.506922721109669e-11,0.8350762143179679
997.0,11.972133501426566,2,7.498512473802279e-11,0.8346920526232445
998.0,11.97122246691121,2,7.490099165263932e-11,0.8343086754047627
999.0,11.970310720199127,2,7.481682749115896e-11,0.8339260834032048
1000.0,11.969398395832073,2,7.473262495742334e-11,0.8335442725078257
1001.0,11.968476313004608,2,7.464839217026228e-11,0.8331594334302334
1002.01,11.967544358720371,2,7.456328302902167e-11,0.832771550221299
1003.0301,11.96660248412476,2,7.447728782215324e-11,0.8323806057234355
1004.060401,11.965650419691269,2,7.439040081905723e-11,0.8319865874337867
1005.10100501,11.964688186297032,2,7.43026025235798e-11,0.8315894760481728
1006.1520150600999,11.963715592410278,2,7.421389135405965e-11,0.8311892588620353
1007.2135352107009,11.96273254247396,2,7.412425272260328e-11,0.8307859194908713
1008.2856705628079,11.96173891839931,2,7.403367773345448e-11,0.8303794418977408
1009.368527268436,11.960734624340175,2,7.394215620115301e-11,0.8299698116008783
1010.4622125411204,11.95971948570413,2,7.384967896556343e-11,0.8295570129384824
1011.5668346665315,11.958693368921178,2,7.375623264550702e-11,0.8291410320921457
1012.6825030131969,11.957656208251121,2,7.366180586185336e-11,0.8287218525316015
1013.8093280433288,11.956607857337955,2,7.3566391315379e-11,0.828299459751058
1014.9474213237621,11.955548152745003,2,7.346997689971824e-11,0.8278738404255855
1016.0968955369998,11.954476980612469,2,7.337254945447459e-11,0.827444979525568
1017.2578644923697,11.95339423855843,2,7.327409870417587e-11,0.8270128623802743
1018.4304431372934,11.952299730178817,2,7.317461504407828e-11,0.8265774756918048
1019.6147475686663,11.951193343654351,2,7.307408316975382e-11,0.8261388052431715
1020.810895044353,11.950074947467293,2,7.297249282721895e-11,0.8256968371811207
1022.0190039947964,11.94894438968619,2,7.286983251747656e-11,0.8252515581490651
1023.2391940347444,11.947801534001188,2,7.276608952735953e-11,0.8248029546620103
1024.4715859750918,11.946646226797666,2,7.266125197294903e-11,0.8243510137748575
1025.7163018348429,11.94547832903178,2,7.255530689848058e-11,0.8238957223565269
1026.9734648531912,11.944297691225403,2,7.24482421907855e-11,0.8234370678233784
1028.2431995017232,11.943104175233938,2,7.234004504682147e-11,0.8229750370906971
1029.5256314967403,11.941897541970308,2,7.223070331701001e-11,0.8225096198937709
1030.8208878117077,11.940677757410175,2,7.212019877705237e-11,0.8220408017045681
1032.1290966898248,11.939444666603997,2,7.20085252761138e-11,0.821568570700265
1033.4503876567233,11.938198018741936,2,7.189566956244141e-11,0.8210929170154447
1034.7848915332904,11.93693767866077,2,7.17816125086003e-11,0.82061382903894
1036.1327404486233,11.935663482247804,2,7.166634188558264e-11,0.820131295791134
1037.4940678531095,11.934375300112482,2,7.154984362672175e-11,0.8196453056267785
1038.8690085316407,11.933072927271605,2,7.143210581463967e-11,0.8191558489868583
1040.257698616957,11.931756204815157,2,7.131311168314284e-11,0.818662915466391
1041.6602756031266,11.930424960263888,2,7.11928474130977e-11,0.8181664952249956
1043.076878359158,11.929079029020123,2,7.107129823143656e-11,0.8176665784641562
1044.5076471427494,11.9277182031717,2,7.094844976283768e-11,0.8171631567017118
1045.9527236141769,11.926342341510146,2,7.082428502585217e-11,0.8166562202772729
1047.4122508503187,11.924951262082061,2,7.069879092881721e-11,0.8161457607346532
1048.8863733588219,11.923544734578249,2,7.05719518144959e-11,0.8156317706912458
1050.37523709241,11.922122573425364,2,7.044374919316733e-11,0.8151142421815125
1051.8789894633342,11.920684666312207,2,7.031416713842916e-11,0.8145931666245575
1053.3977793579675,11.919230692244398,2,7.01831938893267e-11,0.8140685392307295
1054.9317571515473,11.91776062673372,2,7.005080545872434e-11,0.8135403501199541
1056.4810747230629,11.91627412469738,2,6.991699505122058e-11,0.813008595797459
1058.0458854702936,11.914771051950233,2,6.978173711547928e-11,0.8124732693230059
1059.6263443249964,11.91325117357272,2,6.96450183276967e-11,0.8119343658145379
1061.2226077682465,11.911714278570471,2,6.950681937628699e-11,0.8113918803871816
1062.8348338459289,11.910160254242015,2,6.936712236959864e-11,0.8108458069312078
1064.4631821843882,11.90858876644631,2,6.922591477138658e-11,0.8102961435210804
1066.107814006232,11.906999698534223,2,6.908317138366575e-11,0.8097428848839977
1067.7688921462943,11.905392750346978,2,6.893887940694862e-11,0.8091860294041983
1069.4465810677573,11.903767697786213,2,6.879301534560845e-11,0.8086255745927013
1071.141046878435,11.902124400277065,2,6.864556004324187e-11,0.8080615170202341
1072.8524573472193,11.900462579076928,2,6.84964989037667e-11,0.8074938560425902
1074.5809819206916,11.898782062796155,2,6.834580945167576e-11,0.8069225896666453
1076.3267917398985,11.897082524551344,2,6.81934751874751e-11,0.8063477191298682
1078.0900596572974,11.895363783521628,2,6.803947063053522e-11,0.8057692436261435
1079.8709602538704,11.89362558953042,2,6.788377855846961e-11,0.8051871641357101
1081.6696698564092,11.891867698176696,2,6.772637757823509e-11,0.8046014820137684
1083.4863665549733,11.890089874974944,2,6.756724663892598e-11,0.8040121990622616
1085.3212302205231,11.888291865700307,2,6.740636501646691e-11,0.8034193179550926
1087.1744425227282,11.88647342979089,2,6.724371082463363e-11,0.8028228417132292
1089.0461869479557,11.884634341454692,2,6.707926282781075e-11,0.8022227737455763
1090.936648817435,11.882774230689567,2,6.691300038056572e-11,0.8016191205201566
1092.8460153056096,11.880892969625648,2,6.674489478148601e-11,0.801011885041306
1094.7744754586658,11.878990222768387,2,6.65749305388783e-11,0.8004010744682227
1096.7222202132523,11.877065676430076,2,6.640308059986836e-11,0.7997866962494679
1098.689442415385,11.875119192398408,2,6.62293189945376e-11,0.7991687555980478
1100.6763368395386,11.873150432232984,2,6.605362910213177e-11,0.7985472617379525
1102.683100207934,11.871159026861706,2,6.587598330093444e-11,0.7979222251787815
1104.7099312100136,11.869144808047881,2,6.569635211909981e-11,0.7972936538215087
1106.7570305221136,11.867107479275342,2,6.551471677772825e-11,0.7966615584063641
1108.824600827335,11.865046752165883,2,6.53310514536138e-11,0.7960259503095083
1110.9128468356082,11.862962253100962,2,6.514533054900062e-11,0.7953868431944806
1113.0219753039644,11.860853733474341,2,6.495752363216657e-11,0.7947442494185737
1115.152195057004,11.85872091607121,2,6.4767606998954e-11,0.7940981826424469
1117.303717007574,11.856563517006558,2,6.457555492166038e-11,0.7934486575070451
1119.4767541776498,11.85438116366756,2,6.438134136638813e-11,0.7927956909676461
1121.6715217194264,11.852173609486067,2,6.418493524427156e-11,0.7921392988009189
1123.8882369366208,11.84994047362876,2,6.398631203629462e-11,0.7914794999502923
1126.127119305987,11.847681443721267,2,6.378543978705867e-11,0.790816313139752
1128.388390499047,11.84539625918127,2,6.358229008421838e-11,0.7901497572333981
1130.6722744040374,11.843084578228298,2,6.33768368504438e-11,0.7894798533459274
1132.9789971480777,11.840746030191493,2,6.316904962953426e-11,0.7888066241455198
1135.3087871195582,11.838380306206393,2,6.295889614575223e-11,0.7881300922885027
1137.6618749907539,11.835987102134197,2,6.27463471517778e-11,0.7874502814001352
1140.0384937406614,11.833566017484229,2,6.253137340184919e-11,0.7867672177863511
1142.4388786780682,11.831116737410069,2,6.231394028178488e-11,0.7860809274501531
1144.8632674648488,11.828638915687506,2,6.209401746270028e-11,0.7853914380419538
1147.3119001394973,11.826132215272974,2,6.187157267615814e-11,0.7846987782128986
1149.7850191408925,11.8235962433835,2,6.164657386411104e-11,0.7840029787272135
1152.2828693323015,11.821030690654078,2,6.141898572891803e-11,0.7833040701861291
1154.8056980256245,11.818435167846483,2,6.118877710350949e-11,0.7826020857395563
1157.3537550058807,11.815809339060333,2,6.095591228940372e-11,0.7818970589389445
1159.9272925559394,11.813152799955882,2,6.072035809635531e-11,0.7811890257497355
1162.526565481499,11.81046519958643,2,6.048207741723396e-11,0.780478022609698
1165.151831136314,11.807746165643946,2,6.02410356310603e-11,0.7797640876594193
1167.803349447677,11.804995323087757,2,5.99971966601379e-11,0.7790472604771974
1170.4813829421537,11.802212294,2,5.975052394202182e-11,0.7783275821139
1173.1861967715752,11.799396707184556,2,5.95009804143461e-11,0.7776050949728641
1175.918058739291,11.796548162627728,2,5.924852899538349e-11,0.7768798434045486
1178.6772393266838,11.793666283798252,2,5.899313076524906e-11,0.7761518729232717
1181.4640117199508,11.790750683631995,2,5.87347476230819e-11,0.7754212307687931
1184.2786518371502,11.787800973000575,2,5.847334054313367e-11,0.7746879658127586
1187.1214383555216,11.784816772044334,2,5.820886999911628e-11,0.7739521284161478
1189.9926527390767,11.781797669076997,2,5.794129652512814e-11,0.7732137711081752
1192.8925792664675,11.778743285777503,2,5.767057863669656e-11,0.7724729476170057
1195.8215050591323,11.775653208482108,2,5.7396676109675765e-11,0.7717297139679222
1198.7797201097235,11.772527065131877,2,5.7119546500419677e-11,0.7709841273334078
1201.7675173108207,11.769364453019703,2,5.683914904196598e-11,0.7702362471860343
1204.7851924839288,11.76616497961952,2,5.655544095718715e-11,0.7694861347230664
1207.833044408768,11.762928235716931,2,5.626837950284045e-11,0.7687338533032453
1210.9113748528557,11.759653842847857,2,5.597792068573062e-11,0.7679794677867935
1214.0204886013842,11.756341412430722,2,5.5684021536509626e-11,0.767223045183566
1217.160693487398,11.752990530752822,2,5.5386638097556706e-11,0.7664646549306667
1220.332300422272,11.749600821877806,2,5.508572470901039e-11,0.7657043679999196
1223.5356234264946,11.746171889356766,2,5.4781237060239144e-11,0.7649422578093454
1226.7709796607596,11.742703370820752,2,5.4473129335083697e-11,0.7641783994525323
1230.0386894573671,11.739194853442532,2,5.4161356884162815e-11,0.7634128710169104
1233.3390763519408,11.735645981268021,2,5.384587207934753e-11,0.7626457520367862
1236.67246711546,11.73205638662795,2,5.352662955226706e-11,0.7618771245505226
1240.0391917866148,11.728425681585122,2,5.3203582841735625e-11,0.7611070732877981
1243.4395837044808,11.724753520139243,2,5.287668400703434e-11,0.7603356848093277
1246.8739795415256,11.721039544919355,2,5.2545886593137496e-11,0.759563048332902
1250.342719336941,11.717283395980312,2,5.221114308637206e-11,0.7587892556637351
1253.8461465303103,11.713484754107059,2,5.187240536646553e-11,0.7580144006248308
1257.3846079956136,11.70964329301126,2,5.152962669776349e-11,0.7572385797917554
1260.9584540755698,11.70575867447331,2,5.118275951676754e-11,0.7564618926274688
1264.5680386163256,11.701830605228515,2,5.083175524563499e-11,0.7556844407296875
1268.2137190024887,11.697858769527585,2,5.0476566895695276e-11,0.7549063288411417
1271.8958561925135,11.693842914717358,2,5.0117146021203693e-11,0.7541276637035651
1275.6148147544386,11.689782752074818,2,4.975344657402654e-11,0.7533485555019611
1279.370962901983,11.685678046601641,2,4.9385420498518144e-11,0.7525691166777027
1283.1646725310027,11.681528547799724,2,4.9013021744524105e-11,0.751789462946994
1286.996319256313,11.677334036226984,2,4.863620324482647e-11,0.7510097127217192
1290.866282448876,11.673094328916022,2,4.825491900485567e-11,0.7502299870914941
1294.774945273365,11.668809262100572,2,4.786912432984414e-11,0.7494504101149757
1298.7226947260986,11.66447865645873,2,4.747877512365523e-11,0.7486711093607888
1302.7099216733595,11.6601023993334,2,4.708382650899337e-11,0.7478922148565144
1306.737020890093,11.655680399818248,2,4.668423632000254e-11,0.7471138597436044
1310.8043910989938,11.651212557217157,2,4.627996326023079e-11,0.7463361807674324
1314.912435009984,11.646698866895774,2,4.587096572588845e-11,0.7455593169185065
1319.0615593600837,11.642139294547118,2,4.545720615439943e-11,0.7447834111577017
1323.2521749536845,11.6375338727644,2,4.503864603954779e-11,0.7440086092008849
1327.4846967032213,11.632882677300744,2,4.4615249913113544e-11,0.7432350598789345
1331.7595436702536,11.628185785051665,2,4.4186984453501004e-11,0.7424629157441666
1336.0771391069559,11.62344336310673,2,4.375381701672792e-11,0.7416923319560346
1340.4379104980255,11.618655588944842,2,4.331571917436922e-11,0.7409234673641435
1344.8422896030058,11.61382268736456,2,4.287266378018662e-11,0.740156484079615
1349.2907124990359,11.608944942705067,2,4.242462655518859e-11,0.7393915473545144
1353.7836196240262,11.604022717308515,2,4.197158670242736e-11,0.7386288253707685
1358.3214558202665,11.59905637558271,2,4.151352772734758e-11,0.7378684902568897
1362.904670378469,11.594046373536726,2,4.105043484818866e-11,0.7371107169697957
1367.5337170822538,11.58899322275566,2,4.058229850282313e-11,0.7363556837702157
1372.2090542530764,11.583897501619036,2,4.0109113232926677e-11,0.7356035720942606
1376.931144795607,11.578759865764377,2,3.963087831920047e-11,0.7348545664248476
1381.7004562435632,11.573580995760254,2,3.9147598401948035e-11,0.7341088549654015
1386.5174608059988,11.568361698634822,2,3.865928195982185e-11,0.7333666283438279
1391.3826354140585,11.563102836625509,2,3.8165945102111305e-11,0.7326280804855194
1396.2964617681994,11.557805355098873,2,3.766760941422835e-11,0.7318934082333487
1401.2594263858814,11.552470285221272,2,3.716430325043837e-11,0.7311628112925922
1406.2720206497402,11.547098758341845,2,3.665606216696687e-11,0.7304364919682357
1411.3347408562374,11.541691993531563,2,3.61429297538094e-11,0.7297146552672186
1416.4480882648,11.536251263818741,2,3.562495759466546e-11,0.7289975092420702
1421.6125691474479,11.530777993062635,2,3.5102204662474664e-11,0.728285263699734
1426.8286948389225,11.525273689910955,2,3.45747407803552e-11,0.7275781308873934
1432.0969817873117,11.519739963021248,2,3.404264496885053e-11,0.7268763251802393
1437.417951605185,11.514178535910744,2,3.350600639866236e-11,0.7261800627479802
1442.7921311212367,11.50859123773344,2,3.2964925312428574e-11,0.7254895615020357
1448.2200524324492,11.502980016354883,2,3.241951323588486e-11,0.7248050407157886
1453.7022529567737,11.497346950200807,2,3.1869893858100383e-11,0.7241267206935159
1459.2392754863415,11.49169418089352,2,3.1316203861397075e-11,0.7234548233311874
1464.8316682412049,11.486024034429084,2,3.075859155804161e-11,0.722789570389969
1470.479984923617,11.480338930088923,2,3.019722079698585e-11,0.7221311842876956
1476.184784772853,11.474641414371533,2,2.963226890854043e-11,0.7214798873756537
1481.9466326205816,11.46893415258113,2,2.9063928156908676e-11,0.7208359016847482
1487.7660989467875,11.463219954243074,2,2.8492406002735392e-11,0.7201994482765669
1493.6437599362553,11.457501718389027,2,2.791792624180908e-11,0.7195707474538924
1499.5801975356178,11.451782471499051,2,2.734072802622577e-11,0.7189500177194815
1505.5759995109743,11.446065416707158,2,2.6761067187839736e-11,0.7183374755585685
1511.6317595060839,11.440353788217882,2,2.6179218250656083e-11,0.7177333349363776
1517.7480771011449,11.434651020304626,2,2.5595470193957827e-11,0.7171378082002294
1523.925557872156,11.51089338384712,2,2.5010132869081154e-11,0.7256685118471877
1530.1648134508778,11.510958347448522,2,3.2475615296477625e-11,0.7256675994632269
1536.4664615853865,11.511023960565645,2,3.2467539817664765e-11,0.7256666738852379
1542.8311262012403,11.511090223804548,2,3.2459385026941296e-11,0.7256657431013989
1549.2594374632529,11.511157166283427,2,3.245115016987949e-11,0.7256647996572836
1555.7520318378852,11.511224707581684,2,3.2442835068620094e-11,0.7256638509668965
1562.309552156264,11.51129296888055,2,3.243443668621803e-11,0.7256628902494552
1568.9326476778265,11.511361893603773,2,3.242595663729466e-11,0.7256619142467842
1575.621974154605,11.511431504989723,2,3.241739328653493e-11,0.7256609381627934
1582.378193896151,11.511501796835818,2,3.2408746264205586e-11,0.7256599438780352
1589.2019758351123,11.511572787213689,2,3.2400013555678726e-11,0.7256589442233249
1596.0939955934637,11.511644481800344,2,3.2391195382859586e-11,0.72565792890607
1603.0549355493981,11.51171688361667,2,3.238229083378357e-11,0.7256569118438092
1610.0854849048922,11.51179000655679,2,3.237329898934133e-11,0.7256558781219142
1617.186339753941,11.51186384953365,2,3.2364218802865765e-11,0.7256548339260166
1624.3582031514802,11.511938421575744,2,3.235504968628004e-11,0.7256539770901089
1631.6017851829952,11.512013733397652,2,3.234579033518427e-11,0.7256527187017366
1638.917803034825,11.512089788705246,2,3.233644054514081e-11,0.7256516441625053
1646.3069810651734,11.512166645340846,2,3.2326998934532564e-11,0.7256505562628082
1653.770050875825,11.512244163408642,2,3.2317466145712985e-11,0.7256494567310126
1661.3077513845833,11.512322454111413,2,3.230783732090642e-11,0.725648342068038
1668.9208288984291,11.51240160396155,2,3.229811157613869e-11,0.7256472304285887
1676.6100371874134,11.512481418477373,2,3.2288298400878265e-11,0.7256460859238741
1684.3761375592876,11.512562065314997,2,3.2278378263014456e-11,0.7256449387558493
1692.2198989348806,11.512643648743357,2,3.22683650190294e-11,0.7256438027462859
1700.1420979242293,11.512725930079041,2,3.2258266826994944e-11,0.7256426362492919
1708.1435189034714,11.508364548768462,2,3.224805972493385e-11,0.7251035584538784
1716.2249540925063,11.500276228284116,2,3.1817535958667354e-11,0.7241274778436037
1724.3872036334312,11.492178924390887,2,3.1031479724854644e-11,0.7231683328341204
1732.6310756697656,11.484079328468958,2,3.024055919688858e-11,0.7222265601666837
1740.9573864264632,11.47598437815658,2,2.944528879667282e-11,0.7213025768749496
1749.3669602907278,11.46790150229254,2,2.8646227495434033e-11,0.7203967803857358
1757.8606298936352,11.459838486125674,2,2.784398531628853e-11,0.7195095813863973
1766.4392361925716,11.4518030252294,2,2.7039222008727448e-11,0.7186413584824857
1775.1036285544974,11.4438036436403,2,2.623263746567867e-11,0.7177924793214326
1783.8546648400422,11.435848862917787,2,2.5424993144775953e-11,0.7169632962648841
1792.6932114884428,11.427947474002645,2,2.4617092982478725e-11,0.71615414140924
1801.6201436033273,11.420108494591684,2,2.3809789358160905e-11,0.7153653245694146
1810.6363450393605,11.412341026351893,2,2.300398106077333e-11,0.7145971303452121
1819.7427084897542,11.404654508313673,2,2.2200608867528738e-11,0.7138498252266078
1828.940135574652,11.397058183154517,2,2.1400658089954974e-11,0.7131236340688432
1838.2295369303986,11.389561510802109,2,2.0605145256845803e-11,0.7124187666463911
1847.6118322997024,11.382173787040532,2,1.9815122597162933e-11,0.7117353834380502
1857.0879506226995,11.374904292539412,2,1.9031666066571395e-11,0.7110736288870398
1866.6588301289266,11.367762103125077,2,1.8255873495942633e-11,0.7104335997579393
1876.325418430216,11.360756081627356,2,1.7488854833878504e-11,0.7098153565994252
1886.0886726145181,11.353894795739855,2,1.6731725768297858e-11,0.7092189240922278
1895.9495593406632,11.347186452426195,2,1.598559926813272e-11,0.7086442842873036
1905.90905493407,11.340638832258275,2,1.5251576766743977e-11,0.7080913809664898
1915.9681454834106,11.334259223445775,2,1.4530739224694323e-11,0.7075601072913972
1926.1278269382447,11.328054377801804,2,1.3824137561980499e-11,0.7070503295879487
1936.3891052076272,11.32203041096427,2,1.3132784112502717e-11,0.7065618562248165
1946.7529962597032,11.316192807976387,2,1.2457642087603975e-11,0.7060944635505783
1957.2205262223004,11.310546327502633,2,1.1799618077033904e-11,0.7056478818953587
1967.7927314845233,11.305095035926085,2,1.1159552593911841e-11,0.7052218071209412
1978.4706587993685,11.299842182040692,2,1.0538213444837702e-11,0.7048158903804982
1989.2553653873622,11.294790250052552,2,9.936287357056703e-12,0.7044297484606546
2000.147919041236,11.289940920745904,2,9.354375131105467e-12,0.7040629626146113
2011.1493982316483,11.285295077436722,2,8.792986365775812e-12,0.703715081636072
2022.2608922139648,11.280852810353974,2,8.25253592137158e-12,0.7033856241956082
2033.4835011361045,11.276613465153968,2,7.733341461790428e-12,0.7030740828954023
2044.8183361474655,11.272575508419798,2,7.235622663210918e-12,0.702779920901562
2056.2665195089403,11.268736903944536,2,6.759499922037646e-12,0.7025025886567132
2067.8291847040296,11.265094705447563,2,6.304999000352832e-12,0.7022415098031363
2079.50747655107,11.261645501722485,2,5.872049568901967e-12,0.7019961012771524
2091.302551316581,11.258385274950312,2,5.460492668096262e-12,0.7017657627997258
2103.215576829746,11.255309414011636,2,5.070083241765506e-12,0.7015498884329887
2115.247732598044,11.252412866646594,2,4.700496089732989e-12,0.7013478668405092
2127.4002099240247,11.249690207928891,2,4.351332548307269e-12,0.7011590850545166
2139.6742120232648,11.247135598566848,2,4.022127365449768e-12,0.7009829307957496
2152.0709541434976,11.244742966991636,2,3.7123554127068145e-12,0.7008187959460639
2164.5916636849324,11.242505985320882,2,3.421439808496977e-12,0.7006660786628778
2177.237580321782,11.240418240624948,2,3.1487590796831067e-12,0.7005241855671851
2190.009956125,11.238472964822694,2,2.8936551287994946e-12,0.7003925354119457
2202.91005568625,11.236663559052918,2,2.6554395172440573e-12,0.7002705586996363
2215.9391562431124,11.234983337691963,2,2.433402254276198e-12,0.7001577008072521
2229.0985478055436,11.233425603990277,2,2.2268174527978978e-12,0.7000534233808857
2242.389533283599,11.231983773357838,2,2.034949838242877e-12,0.6999572051006518
2255.813428616435,11.230651336271476,2,1.8570608775274587e-12,0.6998685430637651
2269.371562902599,11.229421927222875,2,1.692413907823917e-12,0.699786953416888
2283.065278531625,11.228289307656892,2,1.5402790765457183e-12,0.6997119722222772
2296.895931316941,11.227247447330516,2,1.3999374995137844e-12,0.6996431555047267
2310.864890630111,11.226290522699655,2,1.2706851403878684e-12,0.6995800795988968
2324.973539536412,11.225412912811544,2,1.1518359374671415e-12,0.6995223413963979
2339.223274931776,11.224609212146822,2,1.0427244490685895e-12,0.6994695582946237
2353.6155076810937,11.223874267931487,2,9.427080624368754e-13,0.6994213677872338
2368.1516627579044,11.223203162479843,2,8.511687856716918e-13,0.6993774273541518
2382.8331793854836,11.22259121721545,2,7.675145290562828e-13,0.6993374140946739
2397.661511179339,11.222034013000746,2,6.911800401318424e-13,0.6993010239921749
2412.638126291132,11.221527366839213,2,6.216275518131497e-13,0.6992679716241067
2427.7645075540436,11.22106731948347,2,5.583470217789678e-13,0.699237989874556
2443.0421526295836,11.220650169518139,2,5.008561101187254e-13,0.6992108285032953
2458.4725741558796,11.220272438898519,2,4.487000966345641e-13,0.6991862540296027
2474.057299897438,11.219930872247579,2,4.01451370962057e-13,0.6991640489001998
2489.797872896412,11.219622431075054,2,3.5870886802559647e-13,0.6991440107493725
2505.6958516253762,11.219344284288395,2,3.2009735916229635e-13,0.6991259516806557
2521.75281014163,11.219093805456579,2,2.852666057823313e-13,0.6991096974657192
2537.9703382430466,11.218868541010524,2,2.538904480525548e-13,0.6990950870721001
2554.3500416254774,11.218666235113037,2,2.2566578361890752e-13,0.6990819715546894
2570.893542041732,11.218484797437187,2,2.0031157664715127e-13,0.6990702136024919
2587.602477462149,11.218322299530497,2,1.7756774966034074e-13,0.6990596867808238
2604.478502236771,11.218176965454855,2,1.571941096434627e-13,0.6990502748563887
2621.5232872591387,11.218047162682268,2,1.3896924894990975e-13,0.6990418711439909
2638.7385201317297,11.217931393086314,2,1.2268946686285297e-13,0.6990343778763137
2656.1259053330473,11.217828284267986,2,1.0816769157288693e-13,0.6990277055987764
2673.687164386378,11.217736581102852,2,9.523243638869351e-14,0.6990217725901835
2691.4240360302415,11.21765513766187,2,8.372677515947014e-14,0.6990165043100529
2709.338276390544,11.217582909454404,2,7.350735863468097e-14,0.6990118328729023
2727.4316591544493,11.217518945968713,2,6.444346619042626e-14,0.6990076965495303
2745.705975745994,11.21746238368509,2,5.6416089340502935e-14,0.6990040392957154
2764.1630355034536,11.217412439356954,2,4.93170724583053e-14,0.6990008103071516
2782.804665858488,11.217368403680053,2,4.304828216452911e-14,0.6989979636010134
2801.632712517073,11.217329635406424,2,3.7520824233086345e-14,0.6989954576231304
2820.6490396422437,11.21729555569167,2,3.2654313637593247e-14,0.6989932548799508
2839.8555300386656,11.21726564292598,2,2.8376172088527876e-14,0.6989913215947599
2859.2540853390524,11.217239427753803,2,2.4620985160312164e-14,0.6989896273870433
2878.8466261924427,11.217216488609193,2,2.132988136137479e-14,0.6989881449745358
2898.635092454367,11.217196447414853,2,1.8449976022502795e-14,0.6989868498960796
2918.621443378911,11.217178965674597,2,1.5933833734679306e-14,0.698985720255123
2938.8076578127,11.217163740792238,2,1.3738980167863792e-14,0.6989847364825956
2959.195734390827,11.217150502768607,2,1.1827442371086078e-14,0.6989838811179964
2979.7876917347357,11.217139011042015,2,1.0165334868629665e-14,0.698983138607645
3000.585568652083,11.217129051637519,2,8.722464234548806e-15,0.6989824951195445
3021.591424338604,11.217120434601329,2,7.471972673590354e-15,0.6989819383733786
3042.8073385819903,11.21711299151813,2,6.390016030494307e-15,0.6989814574846162
3064.2354119678103,11.21710657337863,2,5.4554525450925194e-15,0.6989810428225917
3085.8777660874885,11.217101048566489,2,4.6495759169941876e-15,0.6989806858805149
3107.736543748363,11.217096300993727,2,3.9558630115918414e-15,0.6989803791573387
3129.813909185847,11.21709222851243,2,3.3597390620859883e-15,0.6989801160506188
3152.1120482777055,11.21708874130468,2,2.8483799683100915e-15,0.6989798907588305
3174.6331687604825,11.217085760648972,2,2.410508296871517e-15,0.6989796981939085
3197.379500448087,11.217083217591194,2,2.0362406934875422e-15,0.6989795339009954
3220.3532954525685,11.217081051885204,2,1.7169192255752609e-15,0.6989793939871282
3243.556828407094,11.21707921095939,2,1.4449796120125225e-15,0.6989792750564755
3266.992396691165,11.217077649069248,2,1.213820909576359e-15,0.6989791741525702
3290.6623206580766,11.21707632645021,2,1.0176993657287044e-15,0.6989790887060922
3314.5689438646577,11.217075208586332,2,8.516220627083887e-16,0.6989790164885383
3338.7146333033043,11.217074265636427,2,7.11254992090073e-16,0.6989789555709811
3363.1017796363376,11.217073471794615,2,5.928513238940338e-16,0.6989789042867025
3387.7327974327004,11.217072804835608,2,4.9317053725107335e-16,0.6989788611986307
3412.6101254070277,11.217072245590353,2,4.094222203662436e-16,0.6989788250699189
3437.736226661098,11.217071777628774,2,3.3919900345844677e-16,0.6989787948386242
3463.113588927709,11.217071386868861,2,2.8043814613881357e-16,0.6989787695944738
3488.744724816986,11.21707106125899,2,2.313713651579272e-16,0.6989787485588639
3514.632172065156,11.217070790510714,2,1.9048525250581901e-16,0.6989787310673294
3540.7784937858073,11.217070565843832,2,1.564879925542057e-16,0.6989787165539542
3567.1862787236655,11.217070379850725,2,1.282769393136094e-16,0.6989787045379987
3593.8581415109024,11.217070226189914,2,1.0492221213405038e-16,0.6989786946114727
3620.796722926011,11.217070099542005,2,8.562733438589401e-17,0.698978686429372
3648.0046901552714,11.217069995379987,2,6.972437336036181e-17,0.6989786797002512
3675.4847370568236,11.217069909913848,2,5.664496144247285e-17,0.6989786741787615
3703.239584427392,11.217069839939874,2,4.5913055157758174e-17,0.6989786696586352
3731.271980271666,11.217069782801703,2,3.7126687604803866e-17,0.6989786659669467
3759.5847000743825,11.217069730197254,2,2.9952036171661103e-17,0.6989786630333884
3788.1805470751265,11.217069698403643,2,2.4097414257516723e-17,0.6989786605146123
3817.0623525458773,11.217069667710732,2,1.9354251133195238e-17,0.6989786585318204
3846.2329760713365,11.217069642880244,2,1.5500213560663353e-17,0.6989786569279952
3875.69530583205,11.217069622850172,2,1.238230835575466e-17,0.6989786556339495
3905.4522588903706,11.217069606725703,2,9.867117728691595e-18,0.6989786545924634
3935.506781479274,11.217069593788127,2,7.842463931960008e-18,0.6989786537564011
3965.861849294067,11.217069583427032,2,6.21788111546554e-18,0.6989786530868866
3996.5204677870074,11.217069575151678,2,4.9168192271055e-18,0.698978652552192
4027.485672464877,11.217069568549057,2,3.877796376745677e-18,0.6989786521262813
4058.760529189526,11.217069563315372,2,3.048656099599144e-18,0.6989786517880663
4090.3481344814213,11.217069559171714,2,2.3914161833066673e-18,0.6989786515201203
4122.251615826236,11.217069555896394,2,1.8711460022997432e-18,0.698978651308359
4154.474131984499,11.217069553312731,2,1.4598811298173409e-18,0.6989786511415046
4187.018873304343,11.217069551278408,2,1.1355018292019688e-18,0.6989786510104321
4219.889062037387,11.21706954968984,2,8.800401216293106e-19,0.6989786509078153
4253.087952657761,11.21706954845504,2,6.805167466192048e-19,0.6989786508276709
4286.618832184338,11.217069547487148,2,5.255102663425438e-19,0.6989786507651722
4320.485020506182,11.217069546739195,2,4.040070305641489e-19,0.6989786507166328
4354.689870711243,11.217069546148355,2,3.1002720372358304e-19,0.6989786506790248
4389.236769418356,11.217069545700639,2,2.357889260166035e-19,0.6989786506501307
4424.12913711254,11.217069545357209,2,1.7958976738552162e-19,0.6989786506279095
4459.370428483665,11.217069545086137,2,1.365073814402708e-19,0.698978650610852
4494.964132768502,11.217069544892425,2,1.0243032857863667e-19,0.6989786505979094
4530.913774096188,11.217069544736457,2,7.814580483253066e-20,0.6989786505879478
4567.222911837149,11.21706954462075,2,5.849198553222854e-20,0.6989786505804187
4603.89514095552,11.21706954453455,2,4.395256944787387e-20,0.698978650574693
4640.934092365075,11.217069544483236,2,3.3211611383356354e-20,0.6989786505703008
4678.3434332887255,11.217069544421589,2,2.685239515247742e-20,0.6989786505667488
4716.126867621613,11.217069544378075,2,1.9001774370092963e-20,0.6989786505642122
4754.28813629783,11.217069544351704,2,1.353408137018835e-20,0.6989786505623725
4792.831017660807,11.217069544330974,2,1.0190869258555162e-20,0.6989786505609854
4831.759327837416,11.217069544307863,2,7.703614290479524e-21,0.6989786505599295
4871.076921115791,11.217069544298276,2,4.7611134179736265e-21,0.6989786505592499
4910.787690326949,11.21706954428817,2,3.461765732165941e-21,0.6989786505587786
4950.895567230219,11.21706954429348,2,2.2643741604049385e-21,0.6989786505584331
4991.4045229025205,11.217069544283843,2,2.9140480032974595e-21,0.6989786505580218
